word,category,Alt_Badlands_sci_terms,Alt_NOAA_sci_terms,Alt_NPS_sci_terms,Alt_USDA_sci_terms,Alt_USEPA_sci_terms,Alt_USFS_sci_terms,Alt_USFWS_sci_terms,Off_Badlands_post_sci_terms,Off_NOAA_Jan_Apr2016_tweets_sci_terms,Off_NOAA_post_sci_terms,Off_NPS_Jan_Apr2016_tweets_sci_terms,Off_NPS_post_sci_terms,Off_USDA_Jan_Apr2016_tweets_sci_terms,Off_USDA_post_sci_terms,Off_USEPA_Jan_Apr2016_tweets_sci_terms,Off_USEPA_post_sci_terms,Off_USFS_Jan_Apr2016_tweets_sci_terms,Off_USFS_post_sci_terms,Off_USFWS_Jan_Apr2016_tweets_sci_terms,Off_USFWS_post_sci_terms
accurate,evidence,0,3,1,0,3,0,0,0,0,0,0,0,0,0,0,0,0,0,0,0
acidification,ecology,0,1,0,0,1,0,0,0,0,0,0,0,0,0,0,0,0,0,0,0
actonclimate,climate,0,0,1,0,0,0,1,0,0,0,0,0,0,0,5,0,0,0,0,0
agoutlook,agriculture,0,0,0,0,0,0,0,0,0,0,0,0,4,0,0,0,0,0,0,0
agriculture,agriculture,0,1,0,1,1,0,0,0,0,0,0,0,4,7,0,0,0,3,0,0
agroforestry,agriculture,0,0,0,0,0,0,0,0,0,0,0,0,0,0,0,0,4,1,0,0
air,,4,10,0,1,17,0,1,1,0,0,0,0,0,0,9,2,1,2,0,1
albatross,bird,0,0,0,0,0,0,0,0,0,0,0,0,0,0,0,0,0,0,1,4
aldo,person,2,0,0,0,0,1,0,0,0,0,0,0,0,0,0,0,0,2,0,0
algae,plant,0,0,0,0,0,0,0,0,0,0,0,0,0,0,0,0,0,0,0,1
allegheny,ecosystem,0,0,0,0,0,0,0,0,0,0,0,0,0,0,0,0,2,0,0,0
alligator,reptile,0,0,0,0,0,0,0,0,0,0,0,0,0,0,0,0,0,0,2,0
allpipesleak,fossilfuel,4,0,0,0,0,0,0,0,0,0,0,0,0,0,0,0,0,0,0,0
altusepa,agency,2,0,0,1,9,1,1,0,0,0,0,0,0,0,0,0,0,0,0,0
amphibians,amphibian,0,0,0,0,0,0,0,0,0,0,0,0,1,0,0,0,0,0,0,0
analysis,evidence,1,0,0,2,1,1,0,0,0,0,0,0,0,0,0,0,0,0,0,0
andes,ecosystem,0,0,1,0,0,0,0,0,0,0,0,0,0,0,0,0,0,0,0,0
anglers,activity,0,0,0,0,0,0,0,0,0,0,0,0,0,0,0,0,0,2,0,0
animal,animal,5,3,1,64,2,1,0,0,0,0,0,0,1,0,0,0,0,2,5,3
antarctic,ecosystem,0,0,1,0,0,0,0,0,0,2,0,0,0,0,0,0,0,0,0,0
antelope,mammal,1,0,0,0,0,0,0,0,0,0,0,0,0,0,0,0,0,0,0,0
anticorrosion,chem,0,0,0,0,3,0,0,0,0,0,0,0,0,0,0,0,0,0,0,0
antienvironment,conservation,0,1,0,0,2,0,0,0,0,0,0,0,0,0,0,0,0,0,0,0
antiscience,evidence,0,2,1,2,1,0,0,0,0,0,0,0,0,0,0,0,0,0,0,0
apple,agriculture,0,1,0,0,1,0,0,0,0,0,0,0,0,1,0,0,0,0,0,0
aquatic,ecosystem,0,0,0,0,0,0,0,0,0,0,0,0,0,0,0,0,0,0,1,0
aquifer,,0,0,0,0,4,0,0,0,0,0,0,0,1,0,0,0,0,0,0,0
arbor,plant,0,0,0,0,2,0,0,0,0,0,0,0,0,0,0,0,1,0,0,0
arboretum,plant,0,0,0,0,0,0,0,0,0,0,0,0,2,0,0,0,0,0,0,0
arctic,ecosystem,1,2,1,0,1,0,0,0,1,3,0,0,0,0,0,0,0,0,0,0
article,evidence,0,2,0,2,20,3,0,0,0,0,0,0,0,0,1,0,0,0,0,0
ash,plant,0,0,0,0,2,0,0,0,0,0,0,0,0,0,0,0,2,0,0,0
atlantic,ecosystem,0,0,0,0,1,0,0,0,0,0,0,0,0,0,0,0,0,0,0,0
atmosphere,climate,4,9,3,0,2,0,0,0,0,0,0,0,0,0,0,0,0,0,0,0
attackonanimals,action,0,0,0,18,0,0,0,0,0,0,0,0,0,0,0,0,0,0,0,0
avalanche,weather,0,0,0,0,0,0,0,0,0,0,0,0,0,0,0,0,3,0,0,0
badlandsnps,agency,17,0,2,0,0,0,0,10,0,0,0,0,0,0,0,0,0,0,0,0
bat,mammal,0,1,0,0,0,0,0,0,0,0,0,0,1,0,0,0,2,0,1,0
beach,ecosystem,0,4,1,0,0,0,0,0,1,0,0,0,0,0,0,0,0,0,1,0
beak,bird,0,0,0,0,0,0,0,0,0,0,0,0,0,0,0,0,0,0,1,0
bear,mammal,1,0,0,7,1,1,0,1,0,0,0,0,1,0,0,0,3,2,2,3
beavers,mammal,0,0,0,0,0,0,0,0,0,0,0,0,0,0,0,0,0,0,0,1
bee,invertebrate,0,2,0,0,1,0,0,0,0,0,0,0,1,0,0,0,1,0,0,0
beef,agriculture,0,1,0,0,2,0,0,0,0,0,0,0,0,1,0,0,0,0,0,0
beetles,invertebrate,0,0,0,0,0,0,0,0,0,0,0,0,0,0,0,0,2,0,0,0
bighorn,mammal,0,0,0,0,0,0,0,2,0,0,0,0,0,0,0,0,0,0,1,0
biking,activity,0,0,0,0,0,0,0,0,0,0,0,0,0,0,0,0,1,0,0,0
billnye,person,0,1,0,0,0,0,0,0,0,0,0,0,0,0,0,0,0,0,0,0
biodiversity,ecology,0,1,0,0,0,0,0,1,0,0,0,0,0,0,0,0,0,0,0,0
biologist,occupation,0,0,0,0,1,1,0,0,0,0,0,0,0,0,0,0,0,0,2,0
biology,general,0,0,0,0,0,0,1,0,0,0,0,0,0,0,0,0,0,0,0,0
bird,bird,1,4,0,3,0,0,4,0,0,0,0,0,0,0,0,0,2,2,8,7
birding,activity,0,0,0,0,0,0,0,0,0,0,0,0,0,0,0,0,0,0,3,0
birdyear,bird,0,0,0,0,0,0,0,0,0,0,0,0,0,0,0,0,0,0,5,0
bison,mammal,0,0,0,2,0,0,0,2,0,0,0,0,1,0,0,0,0,0,1,1
blackfooted,mammal,4,0,0,0,0,0,0,0,0,0,0,0,0,0,0,0,0,0,2,3
blizzardwatch,weather,0,0,0,0,0,0,0,0,0,0,0,0,0,0,0,0,3,0,0,0
blm,agency,2,0,0,0,0,1,0,0,0,0,0,0,0,0,0,0,0,0,1,0
blooms,ecology,1,0,0,0,0,0,0,0,0,0,0,0,0,0,0,0,0,0,0,0
blossoms,plant,0,0,0,0,0,0,0,0,0,0,0,0,0,0,0,0,1,0,0,0
breed,agriculture,0,0,0,0,2,0,1,0,0,0,0,0,0,0,0,0,0,0,0,1
breeding,ecology,1,0,0,1,1,0,0,0,0,0,0,0,0,0,0,0,0,0,0,2
brontothere,mammal,0,0,0,0,0,0,0,1,0,0,0,0,0,0,0,0,0,0,0,0
buffalo,mammal,1,0,0,0,0,0,0,0,0,0,1,0,0,0,0,0,0,0,0,0
bugs,invertebrate,0,1,0,0,0,0,0,0,0,0,0,0,0,0,0,0,0,0,0,0
bull,mammal,0,0,1,0,0,0,3,0,0,0,0,0,0,0,0,0,0,0,1,0
bumblebee,invertebrate,0,3,0,0,0,0,0,0,0,0,0,0,0,0,0,0,0,0,0,0
burrowing,ecology,5,0,0,0,0,0,1,0,0,0,0,0,0,0,0,0,0,0,2,2
butte,ecosystem,0,0,0,0,0,1,0,0,0,0,0,0,0,0,0,0,0,0,0,0
butterfly,invertebrate,0,1,0,0,0,0,0,1,0,0,0,0,0,0,0,0,3,0,3,2
camp,activity,1,5,0,0,0,0,0,0,0,0,0,0,0,0,0,0,3,0,0,0
campfire,activity,0,0,0,0,0,0,0,0,0,0,0,0,0,0,0,0,1,0,0,0
campground,activity,0,0,0,0,0,0,0,0,0,0,0,0,0,0,0,0,2,0,0,0
camping,activity,0,0,0,0,0,0,0,0,0,0,0,0,0,0,0,0,3,0,0,0
canyon,ecosystem,1,0,0,0,0,0,0,0,0,0,0,0,0,0,0,0,0,0,0,0
cape,ecosystem,0,2,0,0,0,0,0,0,0,0,0,0,0,0,0,0,0,0,0,0
carbon,climate,4,7,2,0,3,0,1,0,0,1,0,0,0,0,1,0,2,2,0,0
caribbean,ecosystem,0,0,0,0,0,0,0,0,0,0,0,0,0,0,0,0,1,0,0,0
carrion,ecology,1,0,0,0,0,0,0,0,0,0,0,0,0,0,0,0,0,0,0,0
carson,person,1,0,0,0,0,0,0,0,0,0,0,0,0,0,2,0,0,0,0,0
cat,mammal,0,3,0,4,0,0,0,0,0,0,0,0,0,0,0,0,0,0,0,0
cdc,agency,0,0,0,0,3,0,0,0,0,0,0,0,0,0,0,0,0,0,0,0
cedar,plant,0,0,0,0,0,0,0,0,0,0,0,0,0,0,0,0,0,0,1,0
censorship,evidence,1,0,2,0,6,1,0,0,0,0,0,0,0,0,0,0,0,0,0,0
ch4,fossilfuel,1,0,0,0,2,0,0,0,0,0,0,0,0,0,0,0,0,0,0,0
chemical,chem,1,1,0,0,0,0,0,0,0,0,0,0,0,0,1,0,0,0,0,0
chick,bird,0,0,0,0,0,0,0,0,0,0,0,0,0,0,0,0,0,0,2,5
chicken,bird,0,4,0,2,0,0,0,0,0,0,0,0,2,0,0,0,0,0,0,0
citation,evidence,0,0,1,0,11,0,0,0,0,0,0,0,0,0,0,0,0,0,0,0
cleanairact,pollution,1,0,0,0,0,0,0,0,0,0,0,0,0,0,2,0,0,0,0,0
cleanwater,pollution,0,0,0,0,0,0,0,0,0,0,0,0,0,0,0,0,1,0,0,0
climate,climate,19,54,50,11,66,3,6,0,2,2,0,0,1,1,7,0,4,0,0,0
climateaction,climate,0,1,0,0,0,0,0,0,0,0,0,0,0,0,0,0,0,0,0,0
climatechange,climate,20,27,2,5,2,1,6,0,0,0,1,0,0,0,2,0,0,0,0,0
climatechangeisreal,climate,3,1,0,6,0,0,6,0,0,0,0,0,0,0,0,0,0,0,0,0
climatefacts,evidence,1,33,0,0,0,0,7,0,0,0,0,0,0,0,0,0,0,0,0,0
climatologist,occupation,0,3,0,0,1,0,0,0,0,0,0,0,0,0,0,0,0,0,0,0
clouds,weather,0,1,0,0,0,0,0,0,0,0,0,0,0,0,0,0,0,0,0,0
co2,fossilfuel,0,12,1,0,16,0,0,0,0,1,0,0,0,0,0,0,0,0,0,0
coal,fossilfuel,1,6,0,3,5,0,1,0,0,0,0,0,0,0,0,0,0,0,0,0
coast,ecosystem,0,2,1,0,0,0,0,0,0,0,0,0,0,0,0,0,0,0,3,0
colony,ecology,0,0,0,0,0,0,0,0,0,0,0,0,0,0,0,0,0,0,0,1
condor,bird,0,0,0,0,0,0,0,0,0,0,0,0,0,0,0,0,0,0,2,0
conference,evidence,0,0,1,1,2,0,0,0,0,0,0,0,0,0,0,0,0,0,0,0
conservation,conservation,6,1,0,0,0,0,0,0,0,0,0,0,21,0,0,0,5,4,10,1
conserve,conservation,0,0,0,0,0,0,0,0,0,0,0,0,1,0,0,0,0,1,3,1
contamination,pollution,0,1,0,1,2,1,0,0,0,0,0,0,0,0,1,0,0,0,0,0
copper,chem,0,0,0,0,2,0,0,1,0,0,0,0,0,0,0,0,0,0,0,0
coral,invertebrate,1,3,0,0,1,0,0,0,0,0,0,0,0,0,0,0,0,0,0,0
cottontail,mammal,1,0,0,0,0,0,0,0,0,0,0,0,0,0,0,0,0,0,0,0
cow,domestic,0,2,0,0,0,0,0,0,0,0,0,0,0,0,0,0,0,0,0,1
cranes,bird,0,1,0,0,0,0,0,0,0,0,0,0,0,0,0,0,0,0,0,0
creek,ecosystem,0,0,0,0,0,0,0,0,0,0,0,0,0,0,0,0,2,0,0,0
crickets,invertebrate,0,1,0,1,0,0,0,0,0,0,0,0,0,0,0,0,0,0,0,0
critter,animal,1,0,0,0,0,0,0,0,0,0,0,0,0,0,0,0,0,0,0,0
crops,agriculture,0,2,0,0,0,0,0,0,0,0,0,0,0,1,0,0,1,0,0,0
cubs,mammal,0,0,0,0,0,0,0,0,0,0,0,0,0,0,0,0,0,1,0,0
cutthroat,fish,0,0,0,0,0,0,0,0,0,0,0,0,0,0,0,0,0,0,1,1
cuyahoga,ecosystem,0,1,0,0,3,0,0,0,0,0,0,0,0,0,0,0,0,0,0,0
dapl,fossilfuel,4,1,0,0,0,1,2,0,0,0,0,0,0,0,0,0,0,0,0,0
data,evidence,1,13,8,6,28,0,1,0,1,2,0,0,0,1,1,0,0,0,0,0
database,evidence,0,0,0,1,1,0,0,0,0,0,0,0,0,0,0,0,0,0,0,0
dceaglecam,bird,0,0,0,0,0,0,0,0,0,0,0,0,4,0,2,0,0,0,1,0
ddt,pollution,1,1,0,0,0,0,0,0,0,0,0,0,0,0,2,0,0,0,0,0
debris,ecology,1,0,0,0,1,0,0,0,1,0,0,0,0,0,0,0,0,0,0,2
dec,agency,0,0,0,0,1,0,0,0,0,1,0,0,0,0,0,0,1,0,0,0
deer,mammal,0,0,0,0,0,0,0,0,0,0,0,0,0,0,0,0,0,0,0,1
denalinps,agency,0,0,0,0,0,0,0,0,0,0,1,1,0,0,0,0,0,0,0,0
denial,evidence,1,6,5,1,7,0,0,0,0,0,0,0,0,0,0,0,0,0,0,0
dens,ecology,0,0,0,3,0,0,0,0,0,0,0,0,0,0,0,0,0,0,1,0
desert,ecosystem,0,1,0,0,0,0,0,0,0,0,0,0,1,0,0,0,1,0,1,0
diesel,fossilfuel,0,0,1,0,4,0,0,0,0,0,0,0,0,0,0,1,0,0,0,0
dioxide,climate,3,4,2,0,2,0,0,0,0,1,0,0,0,0,0,0,2,1,0,0
discovery,evidence,0,0,0,0,2,0,0,0,0,0,0,0,0,0,0,0,0,0,1,0
disease,,0,1,0,0,1,0,0,0,0,0,0,0,0,0,0,0,0,0,0,0
distribution,ecology,0,0,0,0,2,1,0,0,0,0,0,0,0,0,0,0,0,0,0,0
diversity,ecology,0,1,0,0,0,0,3,0,0,0,0,0,2,0,0,0,1,1,1,0
dog,domestic,5,3,0,8,0,0,1,2,0,0,0,0,0,0,0,0,1,1,2,1
doi,agency,0,0,0,0,0,2,0,0,0,0,0,0,0,0,0,0,0,0,0,0
drilling,fossilfuel,3,1,2,0,1,1,0,0,0,1,0,0,0,0,0,0,0,0,0,0
drinkingwater,pollution,0,0,0,0,0,0,0,0,0,0,0,0,0,0,5,0,0,0,0,0
droughtmonitor,climate,0,0,0,0,0,0,0,0,1,9,0,0,0,0,0,0,0,0,0,0
duck,bird,0,0,0,0,0,0,0,0,0,0,0,0,0,0,0,0,0,0,2,0
eagle,bird,3,0,0,0,2,0,1,0,0,0,1,0,1,2,1,0,0,0,5,0
eaglet,bird,0,0,0,0,0,0,0,0,0,0,0,0,2,0,1,0,0,0,1,0
earth,astro,0,7,2,0,3,0,1,1,4,0,0,0,0,0,0,0,0,2,0,0
earthday,,0,0,0,1,0,0,0,0,0,0,0,0,0,0,4,0,0,0,0,0
earthquakes,geology,2,2,0,0,0,0,0,0,0,0,0,0,0,0,0,0,0,0,0,0
echa,chem,0,0,0,0,6,0,0,0,0,0,0,0,0,0,0,0,0,0,0,0
ecological,ecology,0,0,0,0,0,0,1,0,0,0,0,0,0,0,0,0,0,1,0,1
ecologist,occupation,0,0,0,0,0,0,0,0,0,0,0,0,0,0,0,0,4,0,0,0
ecosystem,ecosystem,2,2,0,1,0,0,0,0,0,0,0,0,1,0,0,0,0,1,1,0
edible,,0,0,0,0,0,0,0,0,0,0,0,0,0,0,1,0,1,0,0,0
elephants,mammal,0,0,0,0,0,0,0,0,0,0,0,0,0,0,0,0,0,0,1,2
elk,mammal,0,0,0,0,0,0,0,0,0,0,0,0,0,0,0,0,0,0,2,0
emerson,person,0,0,0,0,0,0,0,0,0,0,0,0,0,0,0,0,0,1,0,0
emissions,fossilfuel,1,1,0,0,9,0,0,0,0,1,0,0,0,0,1,0,0,2,0,0
endangered,ecology,5,4,0,3,0,1,2,0,0,0,0,0,0,0,0,0,0,0,6,3
energy,energy,0,6,0,1,18,0,0,0,0,0,0,0,0,0,4,0,2,2,0,0
engineers,occupation,0,2,0,0,0,0,0,0,0,0,0,0,0,0,0,0,0,0,0,0
enviroed,education,0,0,0,0,0,0,0,0,0,0,0,0,0,0,4,0,0,0,0,0
environment,general,9,6,3,2,36,0,4,0,0,0,0,0,0,0,5,2,0,1,0,0
environmental,conservation,3,9,5,3,30,1,2,0,0,1,0,0,1,0,3,1,0,0,0,0
eocene,geology,0,0,0,0,0,0,0,0,0,0,0,0,0,0,0,0,3,0,0,0
epaatwork,agency,0,0,0,0,4,0,0,0,0,0,0,0,0,0,0,0,0,0,0,0
epalove,agency,0,0,0,0,47,0,0,0,0,0,0,0,0,0,0,0,0,0,0,0
epa,agency,24,24,5,6,278,2,2,0,0,0,0,0,0,0,1,5,0,0,0,0
erosion,geology,2,0,0,0,1,0,0,0,0,0,0,0,0,0,0,0,0,1,0,0
esa,agency,2,2,0,0,0,0,1,0,0,0,0,0,0,0,0,0,0,0,0,0
evergreen,plant,0,0,0,0,0,0,1,0,0,0,0,0,0,0,0,0,0,0,1,0
everykidinapark,activity,1,0,0,0,0,0,0,0,0,0,0,0,0,0,0,0,1,0,0,0
evidence,evidence,0,2,5,2,9,0,0,0,0,0,0,0,0,0,0,0,0,0,0,0
exhaust,fossilfuel,0,0,0,0,0,0,0,0,0,0,0,0,0,0,1,0,0,0,0,0
experiment,evidence,0,0,1,0,1,0,0,0,0,0,0,0,0,0,0,0,0,0,0,0
explain,evidence,0,4,1,5,10,0,0,0,0,0,0,0,0,0,0,0,1,0,0,0
exploration,activity,0,0,1,0,0,0,0,1,0,0,0,0,0,0,0,0,0,0,1,0
extinct,ecology,1,0,0,0,0,0,0,1,0,0,0,0,0,0,0,0,0,0,0,0
facts,evidence,11,10,8,20,32,1,3,0,0,0,0,0,0,0,3,0,0,1,5,1
falcon,bird,0,0,0,0,0,0,0,0,0,0,0,0,0,0,0,0,0,0,0,1
farm,agriculture,0,0,0,2,1,0,0,0,0,0,0,1,5,2,0,0,0,0,0,0
farmer,occupation,0,1,0,2,0,0,0,0,0,0,0,0,14,8,2,1,0,0,0,0
farming,agriculture,0,0,0,1,0,0,0,0,0,0,0,0,1,1,0,0,0,0,0,0
feathers,bird,1,0,0,0,1,0,0,0,0,0,0,0,0,0,0,0,0,0,0,2
ferret,mammal,6,0,0,0,0,0,0,0,0,0,0,0,0,0,0,0,0,0,2,1
field,,0,2,1,0,2,0,0,0,0,0,0,0,0,1,0,0,0,0,2,0
findyourpark,activity,0,0,0,0,0,0,0,14,0,0,14,14,0,0,0,0,0,0,0,0
firefighters,occupation,0,0,0,0,0,0,0,0,0,0,0,0,0,0,0,0,2,1,0,0
fish,fish,0,6,0,0,2,0,0,0,0,0,0,0,0,0,0,0,1,1,1,0
fishing,activity,0,2,0,0,1,0,0,0,0,0,0,0,0,0,0,0,1,1,0,0
flint,pollution,0,0,0,0,47,0,0,0,0,0,0,0,0,0,12,1,0,0,0,0
flood,weather,0,2,0,0,1,0,1,0,0,0,0,0,0,0,1,0,1,0,0,0
flowers,plant,1,0,0,0,0,0,0,0,0,0,0,0,0,0,0,0,0,1,0,0
fly,invertebrate,0,3,0,0,0,0,0,0,0,0,0,0,0,0,0,0,0,0,0,0
forecasters,occupation,0,4,0,0,0,0,0,0,1,0,0,0,0,0,0,0,0,0,0,0
forest,ecosystem,0,0,1,1,0,10,1,0,0,0,0,0,4,2,0,0,80,46,1,2
forestcrush,ecosystem,0,0,0,0,0,0,0,0,0,0,0,0,0,0,0,0,8,1,0,0
forester,occupation,0,0,0,0,0,0,0,0,0,0,0,0,0,0,0,0,0,1,0,0
forestflow,ecosystem,0,0,0,0,0,0,0,0,0,0,0,0,0,0,0,0,1,0,0,0
forestfriday,ecosystem,0,0,0,0,0,0,0,0,0,0,0,0,0,0,0,0,1,3,0,0
forestry,agriculture,0,0,0,0,1,0,0,0,0,0,0,0,0,0,0,0,1,1,0,0
forestservice,agency,1,0,0,0,0,0,0,0,0,0,1,0,0,2,0,0,7,1,0,0
fossil,geology,2,3,0,0,1,0,0,3,0,0,0,0,0,0,0,0,0,0,1,0
fox,mammal,0,9,0,0,3,1,1,0,0,0,2,0,0,0,0,0,0,0,4,1
fracking,fossilfuel,6,2,0,0,3,0,0,0,0,0,0,0,0,0,0,0,0,0,0,0
frogs,amphibian,0,0,0,0,0,0,0,0,0,0,0,0,0,0,0,0,0,0,2,0
fruit,plant,0,0,0,0,2,0,0,0,0,0,0,0,2,2,0,0,1,0,0,0
fry,fish,0,0,0,0,2,0,0,0,0,0,0,0,0,0,0,0,0,0,1,0
fukushima,pollution,0,0,0,0,5,0,0,0,0,0,0,0,0,0,0,0,0,0,0,0
fur,mammal,0,0,0,0,0,0,0,0,0,0,0,0,0,0,0,0,0,0,0,1
gardens,plant,0,0,0,0,0,0,0,0,0,0,0,0,0,0,1,0,0,0,0,0
gas,fossilfuel,0,3,0,2,4,0,1,0,0,0,0,0,0,0,2,0,0,0,0,0
genetic,,0,0,0,0,0,0,0,1,0,0,0,0,0,0,0,0,0,0,0,0
genus,ecology,1,0,0,0,0,0,0,0,0,0,0,0,0,0,0,0,0,0,0,0
geology,geology,1,1,0,0,0,0,0,0,0,0,0,0,0,0,0,0,0,0,0,0
ghg,fossilfuel,0,0,0,0,10,0,0,0,0,0,0,0,0,0,0,0,0,0,0,0
global,astro,6,6,4,0,14,1,0,0,7,3,0,0,0,0,0,0,0,0,0,0
glwa,agency,0,0,0,0,3,0,0,0,0,0,0,0,0,0,0,0,0,0,0,0
glyphosate,pollution,0,0,0,0,11,0,0,0,0,0,0,0,0,0,0,0,0,0,0,0
goodall,person,1,0,0,2,0,0,0,0,0,0,0,0,0,0,0,0,0,1,0,0
gps,tech,0,0,0,0,0,0,0,0,0,0,0,0,0,0,0,0,0,0,2,0
grandcanyonnps,agency,0,0,0,0,0,0,0,0,0,0,1,0,0,0,0,0,0,0,0,0
grass,plant,0,0,0,0,0,0,0,0,0,0,0,0,0,0,0,0,0,2,0,0
grassland,ecosystem,0,0,0,0,0,1,0,0,0,0,0,0,0,0,0,0,8,9,0,0
grazing,ecology,0,0,0,0,0,0,0,0,0,0,0,0,1,0,0,0,1,0,0,0
greer,,0,0,0,0,0,0,0,0,0,0,0,0,0,1,0,0,0,0,0,0
groundhogs,mammal,0,1,0,0,0,0,0,0,0,0,0,0,0,0,0,0,0,0,1,1
grouse,bird,0,0,0,1,0,0,0,0,0,0,0,0,0,0,0,0,0,0,1,0
h2o,chem,0,0,0,0,2,0,0,0,0,0,0,0,0,0,0,0,0,0,0,0
habitat,ecology,2,0,0,0,0,0,1,0,0,0,0,0,1,0,0,0,3,7,7,2
harvest,agriculture,0,0,0,9,0,0,0,0,0,0,0,0,0,0,0,0,0,0,0,0
hatched,ecology,0,0,0,0,0,0,0,0,0,0,0,0,0,0,0,0,0,0,0,2
herd,ecology,1,0,0,0,2,0,0,0,0,0,0,0,0,0,0,0,0,0,0,0
herring,fish,0,0,0,1,1,0,0,0,0,0,0,0,0,0,0,0,0,0,0,0
hike,activity,1,0,0,0,0,1,0,2,0,0,1,0,0,0,0,0,5,2,0,0
horns,mammal,1,0,0,0,0,0,0,0,0,0,0,0,0,0,0,0,0,0,1,0
horse,mammal,1,0,0,9,0,0,0,0,0,0,0,0,0,0,0,0,0,0,0,0
housescience,agency,0,5,0,0,1,0,0,0,0,0,0,0,0,0,0,0,0,0,0,0
howdoyouearthday,activity,0,0,0,0,0,0,0,0,0,0,0,0,0,0,4,0,0,0,0,0
hunt,activity,1,0,0,0,0,0,0,0,0,0,0,0,0,0,0,0,0,0,1,0
hunters,activity,1,0,0,0,1,1,0,0,0,0,0,0,0,0,0,0,0,0,0,0
hurricane,weather,0,2,0,0,0,0,0,0,0,0,0,0,0,0,0,0,0,0,0,0
iarc,,0,0,0,0,4,0,0,0,0,0,0,0,0,0,0,0,0,0,0,0
inform,evidence,0,0,1,0,1,0,0,0,0,0,0,0,0,1,0,0,0,0,0,0
insects,invertebrate,1,0,0,0,0,0,0,1,0,0,0,0,0,0,0,0,0,0,0,0
invasive,ecology,0,0,1,0,0,0,0,0,0,0,0,1,0,1,0,0,2,0,1,0
invertebrates,invertebrate,2,0,0,0,0,0,0,0,0,0,0,0,0,0,0,0,0,0,0,0
investigate,evidence,1,2,1,1,1,0,0,0,0,0,0,0,0,0,0,0,0,0,0,0
isaac,person,0,0,1,0,0,0,0,0,0,0,0,0,0,0,0,0,0,0,0,0
island,ecosystem,0,0,0,0,2,0,0,0,0,0,1,0,0,0,0,0,1,0,3,1
ivory,mammal,0,0,0,0,0,0,0,0,0,0,0,0,0,0,0,0,0,0,2,0
keepitgreen,,0,0,0,0,0,0,0,0,0,0,0,0,0,0,0,0,3,0,0,0
keystone,fossilfuel,1,0,3,0,0,0,0,0,0,0,0,0,0,0,0,0,0,0,0,0
kittens,mammal,0,0,0,1,2,0,0,0,0,0,0,0,0,0,0,0,0,0,0,0
knowledge,evidence,0,4,2,0,4,0,0,0,0,0,0,0,0,0,0,0,0,0,0,0
lab,general,0,0,0,2,7,0,0,0,0,0,0,0,2,1,1,0,1,0,0,0
lake,ecosystem,0,1,0,1,3,2,0,0,0,0,0,0,0,0,0,0,1,1,3,0
landfills,pollution,0,0,0,0,0,0,0,0,0,0,0,0,0,0,2,0,0,0,0,0
lands,conservation,12,0,0,0,1,1,0,0,0,0,0,2,2,0,0,0,2,4,0,0
landscape,ecology,0,0,2,0,0,0,0,0,0,0,0,1,0,0,0,0,0,0,0,0
laysan,bird,0,0,0,0,0,0,0,0,0,0,0,0,0,0,0,0,0,0,1,2
lead,pollution,3,13,1,3,29,0,0,0,0,0,0,0,0,0,9,2,0,1,1,0
leaf,plant,0,0,0,0,0,0,0,0,0,0,0,0,0,0,0,0,1,1,0,0
leatherback,reptile,0,0,0,0,0,0,0,0,0,0,0,0,0,0,0,0,0,0,2,0
leavenotrace,activity,0,0,0,0,0,0,0,0,0,0,0,0,0,0,0,0,3,0,0,0
leaves,plant,0,0,0,0,1,0,0,0,0,0,0,0,0,0,1,0,0,1,1,0
leopold,person,2,0,0,0,0,1,0,0,0,0,0,0,0,0,0,0,0,2,0,0
lightning,weather,0,1,0,0,0,0,0,0,0,1,0,0,0,0,0,0,0,0,0,0
livestock,agriculture,1,0,0,2,0,0,0,0,0,0,0,0,0,0,0,0,1,0,0,0
lorax,mammal,0,0,0,0,0,0,0,0,0,0,1,0,0,0,1,0,0,1,0,0
lynx,mammal,0,0,0,0,0,0,0,0,0,0,0,0,0,0,0,0,1,0,0,0
malheur,ecosystem,0,0,0,0,0,0,0,0,0,0,0,0,0,0,0,0,0,0,2,0
mammal,mammal,2,2,1,0,0,1,0,1,0,0,1,0,0,0,0,0,0,0,1,1
manatee,mammal,0,1,0,0,0,0,0,0,0,0,0,0,0,0,0,0,0,0,3,2
marine,ecosystem,0,2,0,0,0,0,0,0,1,0,0,0,0,0,0,0,0,0,0,0
mate,ecology,0,0,0,0,1,0,0,0,0,0,0,0,0,1,0,0,0,0,0,0
mdeq,agency,0,0,0,0,5,0,0,0,0,0,0,0,0,0,0,0,0,0,0,0
meadowlark,bird,1,0,0,0,0,0,0,0,0,0,0,0,0,0,0,0,0,0,1,0
meadows,ecosystem,0,0,0,0,0,0,0,0,0,0,0,0,0,0,0,0,2,0,0,0
medical,medical,0,2,1,0,0,0,0,0,0,0,0,0,0,0,0,0,0,0,0,0
mercury,pollution,0,2,0,0,0,0,0,0,0,0,0,0,0,0,1,0,0,0,0,0
meteorologist,occupation,0,8,0,0,0,0,0,0,0,0,0,0,0,0,0,0,0,0,0,0
meteorology,climate,0,3,0,0,0,0,0,0,0,0,0,0,0,0,0,0,0,0,0,0
methane,fossilfuel,1,1,0,0,3,0,1,0,0,1,0,0,0,0,3,0,0,0,0,0
migration,ecology,0,4,0,0,0,0,2,0,0,0,0,0,0,0,0,0,0,0,4,0
migratory,ecology,0,0,0,0,0,0,1,0,0,0,0,0,0,0,0,0,0,0,2,0
milkweed,plant,0,0,0,0,0,0,0,0,0,0,0,0,0,0,0,0,0,0,1,0
millionyearold,geology,0,0,0,0,0,0,0,0,0,0,0,0,0,0,0,0,3,0,0,0
minerals,geology,1,1,0,0,0,0,0,0,0,0,0,0,0,0,0,0,0,0,0,0
mining,fossilfuel,0,0,0,0,6,0,0,0,0,0,0,0,0,0,0,0,0,0,0,0
moles,mammal,3,0,0,0,0,0,0,0,0,0,0,0,0,0,0,0,0,0,0,0
monarch,invertebrate,0,0,0,0,0,0,0,0,0,0,0,0,0,0,0,0,0,0,7,2
monitoring,conservation,0,0,0,0,2,0,0,0,0,0,0,0,0,0,0,0,0,0,1,0
moon,astro,0,1,0,0,1,0,0,0,0,0,0,0,0,0,0,0,0,0,0,0
moose,mammal,0,1,0,1,0,0,0,0,0,0,0,0,0,0,0,0,0,0,1,0
moths,invertebrate,0,0,0,0,0,0,0,0,0,0,0,0,0,0,0,0,2,0,0,0
mountain,ecosystem,0,0,0,0,2,0,0,0,0,1,2,1,0,0,0,0,3,1,0,0
mouse,mammal,0,0,0,0,0,0,0,0,0,0,0,0,0,0,0,0,1,0,1,0
muir,person,4,0,0,0,0,0,0,1,0,0,1,0,0,0,0,0,1,4,0,0
mushrooms,fungi,0,0,0,0,1,0,0,0,0,0,0,0,1,1,0,0,2,0,0,0
nasa,agency,4,10,9,1,5,0,0,0,2,0,0,0,0,0,0,0,0,1,0,0
natgeo,agency,0,1,0,0,0,0,0,0,0,0,1,0,0,0,0,0,0,0,0,0
nationalagday,agriculture,0,0,0,0,0,0,0,0,0,0,0,0,0,2,0,0,0,1,0,0
nationalforests,agency,0,0,0,0,0,0,0,0,0,0,0,0,0,0,0,0,0,1,0,0
nationalgardenmonth,plant,0,0,0,0,0,0,0,0,0,0,0,0,1,0,0,0,1,0,0,0
nationalmammal,mammal,0,0,0,0,0,0,0,1,0,0,0,0,0,0,0,0,0,0,0,0
native,ecology,2,1,1,0,0,0,0,0,0,0,0,0,1,1,0,0,1,0,1,0
natlparkservice,agency,0,0,1,0,0,0,0,0,0,0,0,0,0,0,0,0,0,0,0,0
nature,ecology,25,3,3,1,9,2,7,3,0,1,0,0,1,0,4,1,5,20,3,1
naturenps,agency,0,0,0,0,0,0,0,0,0,0,0,1,0,0,0,0,0,0,0,0
nest,ecology,0,0,0,0,0,0,0,0,0,0,0,0,0,1,1,0,0,0,4,3
nesting,ecology,0,0,0,0,0,0,0,0,0,0,0,0,0,0,0,0,0,0,2,1
nifaimpacts,agriculture,0,0,0,0,0,0,0,0,0,0,0,0,1,0,0,0,0,0,0,0
noaa,agency,0,46,0,0,1,0,0,0,24,21,0,0,0,0,0,0,0,0,0,0
nodapl,fossilfuel,10,9,0,0,0,0,2,0,0,0,0,0,0,0,0,0,0,0,0,0
nokxl,fossilfuel,3,1,0,0,0,0,0,0,0,0,0,0,0,0,0,0,0,0,0,0
nps,agency,0,2,16,0,1,4,0,1,0,0,4,2,0,0,0,0,0,0,0,0
nrcs,agency,0,0,0,0,0,0,0,0,0,0,0,0,1,0,0,0,0,0,0,0
nrdc,agency,1,0,0,0,6,0,0,0,0,0,0,0,0,0,0,0,0,0,0,0
nutrients,general,0,0,0,0,0,0,0,0,0,0,0,0,0,1,0,0,0,0,0,0
nwr,agency,0,0,0,0,0,0,0,0,0,0,0,0,0,0,0,0,0,0,1,0
nws,agency,0,17,0,0,0,0,0,0,2,2,0,0,0,0,0,0,0,0,0,0
oak,plant,0,1,0,0,0,0,0,0,0,0,0,0,0,0,0,0,2,0,0,0
observe,evidence,1,0,0,0,1,0,0,0,0,0,0,0,0,0,0,0,0,0,0,0
ocean,ecosystem,1,20,3,0,2,0,0,0,1,0,0,0,0,1,0,0,0,0,0,1
oil,fossilfuel,1,9,2,4,12,0,1,0,0,0,0,0,0,0,1,0,0,0,0,0
openspace,,0,0,0,0,0,0,0,0,0,0,0,0,0,0,0,0,1,0,0,0
oreodonts,mammal,0,0,0,0,0,0,0,1,0,0,0,0,0,0,0,0,0,0,0,0
organisms,animal,0,0,0,0,0,0,0,1,0,0,0,0,0,0,0,0,1,0,0,0
osprey,bird,0,0,0,0,0,0,1,0,0,0,0,0,0,0,0,0,0,0,0,0
otter,mammal,0,0,0,0,0,0,0,0,0,0,0,0,0,0,0,0,0,0,2,2
outdoor,general,0,1,0,0,0,3,0,0,0,0,0,0,0,0,3,0,0,1,1,0
outside,,1,2,2,0,7,1,0,0,0,0,0,0,0,0,1,0,2,0,1,0
overfishing,conservation,0,2,0,0,0,0,0,0,0,0,0,0,0,0,0,0,0,0,0,0
overwinter,ecology,0,0,0,0,0,0,0,0,0,0,0,0,0,0,0,0,0,0,1,1
owl,bird,4,0,0,0,0,0,1,0,0,0,0,0,0,0,0,0,0,0,9,1
pacific,ecosystem,0,1,0,0,0,0,0,0,0,0,0,0,0,0,0,0,2,0,1,0
park,conservation,18,2,24,4,8,4,0,3,0,0,9,9,0,0,0,0,2,0,2,0
parkforest,ecosystem,0,0,0,0,0,0,0,0,0,0,0,0,0,0,0,0,2,0,0,0
parkscience,general,0,0,0,0,0,0,0,4,0,0,0,0,0,0,0,0,0,0,0,0
peer,evidence,0,0,0,0,3,0,0,0,0,0,0,0,0,0,0,0,0,0,0,0
peerreviewed,evidence,0,2,4,0,1,0,0,0,0,0,0,0,0,0,0,0,0,0,0,0
pelican,bird,0,0,0,0,0,0,1,0,0,0,0,0,0,0,0,0,0,0,1,0
perennial,agriculture,0,0,0,0,0,0,0,0,0,0,0,0,0,1,0,0,0,0,0,0
permafrost,ecosystem,0,1,0,0,2,0,0,0,0,0,0,0,0,0,0,0,0,0,0,0
pesticide,pollution,1,1,0,0,2,0,0,0,0,0,0,0,0,0,0,0,0,0,0,0
petroleum,fossilfuel,0,1,0,0,1,0,0,0,0,0,0,0,0,0,0,0,0,0,0,0
picnic,activity,0,0,0,0,0,0,0,0,0,0,0,0,0,0,0,0,1,0,0,0
pinchot,person,0,0,0,0,0,0,0,0,0,0,0,0,0,0,0,0,3,0,0,0
pine,plant,0,0,0,0,0,0,0,0,0,0,0,0,0,0,0,0,3,2,1,0
pipeline,fossilfuel,6,5,2,0,4,0,2,0,0,0,0,0,0,0,4,0,0,0,1,2
plains,ecosystem,0,3,0,0,0,0,0,1,0,2,0,0,0,0,0,0,0,0,0,0
planet,astro,7,18,1,0,3,1,0,0,0,0,0,0,0,0,0,0,0,0,0,0
planting,activity,0,0,0,0,0,0,0,0,0,0,0,0,0,1,0,0,1,1,0,0
plants,plant,2,2,0,0,0,0,1,0,0,0,0,1,0,0,1,0,3,3,0,0
plover,bird,0,0,0,0,0,0,2,0,0,0,0,0,0,0,0,0,0,0,3,2
poisoning,pollution,2,0,0,0,0,0,0,0,0,0,0,0,0,0,0,0,0,0,1,0
polar,ecosystem,0,2,0,0,0,0,0,0,0,0,0,0,0,0,0,0,0,0,0,1
pollinators,ecology,0,0,0,0,0,0,0,0,0,0,0,0,2,0,0,0,2,1,0,0
pollute,pollution,4,8,1,1,33,0,3,0,0,0,0,0,0,0,5,0,0,0,0,0
population,ecology,0,2,0,1,5,0,0,0,0,0,0,0,0,0,0,0,0,1,2,4
porcupines,mammal,0,0,0,0,0,0,0,0,0,0,0,0,0,0,0,0,0,0,1,0
ppb,chem,0,0,0,0,4,0,0,0,0,0,0,0,0,0,0,0,0,0,0,0
ppl,chem,1,8,0,0,0,1,0,0,0,0,0,0,0,0,0,0,0,0,0,0
ppm,chem,1,8,2,0,1,0,0,0,0,0,0,0,0,0,0,0,0,0,0,0
prairie,ecosystem,6,0,0,0,0,0,0,2,0,0,0,0,0,0,0,0,0,0,3,2
predators,ecology,0,0,0,2,0,0,0,0,0,0,0,0,0,0,0,0,0,0,1,0
preservation,conservation,0,1,0,0,0,0,0,0,0,0,0,1,0,0,0,0,1,0,0,0
preserve,conservation,0,2,1,0,1,1,1,1,0,0,0,2,0,0,0,0,0,0,0,0
prey,ecology,0,0,0,0,0,0,0,0,0,0,0,0,0,0,0,0,0,0,3,0
proenvironment,conservation,0,2,0,0,1,0,0,0,0,0,0,0,0,0,0,0,0,0,0,0
proof,evidence,0,0,2,0,4,0,0,0,0,0,0,0,0,0,0,0,0,0,0,0
publicland,,0,0,0,0,0,6,0,1,0,0,0,0,0,0,0,0,0,2,0,0
published,evidence,0,1,1,0,2,0,0,0,0,0,0,0,0,0,0,0,0,0,0,0
puppies,mammal,0,2,0,2,0,0,0,0,0,0,0,0,0,0,0,0,0,0,0,0
pups,mammal,0,1,0,5,0,0,0,0,0,0,0,0,0,0,0,0,0,0,2,0
rabbits,mammal,1,0,0,0,0,0,0,0,0,0,0,0,0,0,0,0,0,0,1,0
radar,weather,0,7,0,0,1,0,0,0,1,0,0,0,0,0,0,0,0,0,0,0
radon,pollution,0,0,0,0,0,0,0,0,0,0,0,0,0,0,0,2,0,0,0,0
rain,weather,1,1,0,0,0,0,1,0,1,0,0,0,0,0,1,0,2,0,0,1
rainbow,weather,0,0,0,0,0,0,0,0,0,0,0,0,0,0,0,0,0,0,1,1
rainwater,weather,0,0,0,0,0,0,0,0,0,0,0,0,0,0,0,0,1,1,0,0
ranches,agriculture,0,0,0,0,0,0,0,0,0,0,0,0,0,1,0,0,0,1,0,0
rangelands,agriculture,0,0,0,0,0,0,0,0,0,0,0,0,0,0,0,0,1,0,0,0
ranger,occupation,2,0,2,0,0,0,0,1,0,0,1,1,0,1,0,0,4,1,0,0
recycle,action,0,2,0,0,1,0,0,0,0,0,0,0,0,0,0,0,0,0,0,0
reef,ecosystem,1,7,0,0,0,0,0,0,0,0,0,0,0,0,0,0,0,0,0,0
refuge,conservation,0,0,0,1,3,0,1,0,0,0,1,0,0,0,0,0,0,1,13,1
reintroduced,ecology,1,0,0,0,0,0,0,0,0,0,0,0,0,0,0,0,0,0,1,0
renewable,energy,0,0,0,1,0,0,0,0,0,0,0,0,0,0,0,0,0,0,0,0
research,evidence,1,7,2,6,29,0,1,0,0,0,0,1,1,1,1,0,5,1,0,0
researchers,occupation,0,0,0,1,4,0,0,0,2,0,0,0,0,0,0,0,0,0,0,0
reserves,conservation,0,0,2,0,0,0,0,0,0,0,0,0,0,0,0,0,0,0,0,0
restoration,conservation,0,0,0,1,1,0,0,0,0,0,0,0,1,1,0,0,3,1,1,0
restoring,conservation,0,1,0,2,1,1,0,0,0,0,0,0,0,0,0,0,2,0,1,0
reviewed,evidence,0,1,0,0,4,1,0,0,0,0,0,0,0,0,0,0,0,0,0,0
riparian,ecosystem,0,0,0,0,0,0,0,0,0,0,0,0,0,0,0,0,1,0,0,0
river,ecosystem,1,11,0,0,11,0,0,0,0,0,0,0,2,0,0,0,1,0,6,1
robin,bird,0,0,0,1,0,0,0,0,0,0,0,0,0,0,0,0,0,1,0,0
root,plant,1,0,0,0,0,0,0,0,0,0,0,0,0,0,0,0,0,1,0,0
rose,plant,2,3,3,0,0,0,0,0,0,1,0,0,0,0,0,0,0,0,0,0
rot,ecology,0,0,0,0,0,0,0,0,0,0,0,0,0,0,1,0,0,0,0,0
rural,,0,0,0,0,0,0,0,0,0,0,0,0,2,0,0,0,0,2,0,0
sage,plant,0,0,0,1,1,0,0,0,0,0,0,0,0,1,0,0,0,0,1,0
salamander,amphibian,0,0,0,0,0,0,0,0,0,0,0,0,0,0,0,0,1,1,3,1
salmon,fish,0,1,0,0,0,0,0,0,0,0,0,0,0,0,0,0,0,0,2,1
sanctuaries,conservation,1,0,0,0,0,0,0,0,0,0,0,0,0,0,0,0,0,0,1,0
satellite,tech,0,8,0,1,1,0,0,0,2,1,0,0,0,0,0,0,0,0,0,0
saveourparks,conservation,0,0,3,0,0,0,0,0,0,0,0,0,0,0,0,0,0,0,0,0
saveourwilderness,conservation,3,0,0,0,0,0,0,0,0,0,0,0,0,0,0,0,0,0,0,0
savethemonarch,invertebrate,0,0,0,0,0,0,0,0,0,0,0,0,0,0,0,0,0,0,2,1
scenic,general,0,1,0,0,0,0,0,0,0,0,0,0,0,0,0,0,1,0,0,0
science,general,23,56,16,40,88,0,12,0,1,3,0,0,1,0,3,0,0,0,1,0
sciencemarch,action,2,3,3,2,4,0,11,0,0,0,0,0,0,0,0,0,0,0,0,0
sciencematters,action,0,3,1,5,0,0,13,0,0,0,0,0,0,0,0,0,0,0,0,0
sciencenotsilence,action,0,0,0,0,1,0,10,0,0,0,0,0,0,0,0,0,0,0,0,0
sciencing,general,0,0,1,0,2,0,0,0,0,0,0,0,0,0,0,0,0,0,0,0
scientific,evidence,1,12,9,2,25,1,0,0,0,0,0,0,0,0,0,0,0,0,0,0
scientist,occupation,1,25,12,7,38,1,2,0,1,3,0,0,1,1,1,0,3,1,0,1
sea,ecosystem,7,6,2,0,2,0,0,0,3,2,0,0,0,0,0,0,0,0,2,1
seal,mammal,0,2,0,0,0,0,1,0,0,0,0,0,0,0,0,0,0,0,5,2
sediment,geology,0,0,0,0,0,0,0,0,0,0,0,0,0,1,0,0,0,0,0,0
seed,plant,0,0,0,0,0,0,0,0,0,0,0,0,1,1,0,0,0,0,1,0
selenium,chem,0,0,0,0,3,0,0,0,0,0,0,0,0,0,0,0,0,0,0,0
shade,,0,0,0,0,1,0,0,0,0,0,0,0,0,0,0,0,1,1,0,0
sharks,fish,1,4,0,0,0,0,0,0,0,0,0,0,0,0,0,0,0,0,0,0
sheep,mammal,0,0,0,0,0,0,0,2,0,0,0,0,0,0,0,0,0,0,1,0
shenandoahnps,agency,0,0,0,0,0,0,0,0,0,0,0,0,0,0,0,0,0,0,1,0
shorebirds,bird,0,0,0,0,0,0,0,0,0,0,0,0,0,0,0,0,0,0,0,1
shrubs,plant,0,0,0,0,0,0,0,0,0,0,0,0,0,0,0,0,0,0,0,1
sierra,,0,1,0,1,1,0,0,0,0,1,0,0,0,0,0,0,1,0,0,0
smog,pollution,0,0,0,0,2,0,0,0,0,0,0,0,0,0,0,0,0,0,0,0
smokey,,2,0,0,0,0,0,0,0,0,0,0,0,0,0,0,0,3,1,0,0
smokeybear,,0,0,0,0,0,0,0,0,0,0,0,0,0,0,0,0,8,0,0,0
snake,reptile,0,1,0,1,0,0,0,0,0,0,0,0,0,0,0,0,0,0,0,0
snow,weather,0,2,0,0,0,0,0,3,1,2,0,0,0,0,1,0,0,1,4,0
soil,geology,1,0,0,0,0,0,0,0,0,0,0,0,3,2,1,0,0,0,0,0
solar,energy,1,3,1,2,2,0,0,0,0,0,0,0,0,0,0,0,0,0,0,0
songbirds,bird,0,0,0,0,0,0,0,0,0,0,0,0,0,0,0,0,0,0,2,0
space,astro,0,3,0,0,3,1,1,0,0,0,0,0,0,0,0,0,1,1,0,0
species,ecology,6,5,2,3,0,1,4,2,0,0,0,0,0,1,0,0,3,3,9,1
spill,fossilfuel,2,0,1,0,3,0,0,0,0,0,0,0,0,0,0,0,0,0,0,0
squirrel,mammal,1,1,0,0,0,0,0,1,0,0,0,0,0,0,0,0,0,0,5,0
stakeholders,occupation,0,0,0,0,3,0,0,0,0,0,0,0,0,0,0,0,0,0,0,0
standforscience,action,0,0,1,21,0,0,4,0,0,0,0,0,0,0,0,0,0,0,0,0
standingrock,fossilfuel,4,1,0,0,0,0,0,0,0,0,0,0,0,0,0,0,0,0,0,0
stateofclimate,climate,0,0,0,0,0,0,0,0,12,10,0,0,0,0,0,0,0,0,0,0
statistically,evidence,0,0,0,0,2,0,0,0,0,0,0,0,0,0,0,0,0,0,0,0
stem,plant,0,0,0,0,4,0,0,0,0,0,1,0,0,0,1,0,1,0,0,0
stewardship,conservation,0,0,0,0,5,0,0,0,0,0,0,0,1,0,0,0,0,0,0,0
storm,weather,0,7,0,0,0,0,0,1,0,0,0,0,0,0,1,0,1,1,1,0
stream,ecosystem,3,1,0,0,2,1,2,0,0,0,0,0,0,0,0,0,0,1,2,0
study,evidence,2,4,0,1,4,0,0,1,1,1,0,0,0,0,0,0,0,1,0,0
subspecies,ecology,0,0,0,0,0,0,0,0,0,0,0,0,0,0,0,0,0,0,2,0
sun,astro,0,0,0,0,1,0,0,0,1,0,0,0,0,0,0,0,0,1,0,0
superfund,pollution,0,0,0,0,5,0,0,0,0,0,0,0,0,0,0,1,0,0,0,0
sustainability,conservation,0,2,0,0,1,1,0,0,1,0,0,0,1,0,4,0,1,1,0,0
swallows,bird,0,0,0,0,0,0,0,0,0,0,0,0,0,0,0,0,0,0,0,2
tailings,pollution,0,0,0,0,3,0,0,0,0,0,0,0,0,0,0,0,0,0,0,0
technology,tech,0,6,0,0,9,1,0,0,0,0,0,0,0,0,0,0,0,1,1,0
temperature,weather,1,2,1,0,0,0,0,0,3,0,0,0,0,0,0,0,0,0,0,0
theory,evidence,0,1,0,1,2,0,0,0,0,0,0,0,0,0,0,0,0,0,0,0
think,evidence,2,41,8,8,40,6,4,0,0,0,1,0,0,0,0,0,0,0,2,1
thoreau,person,1,0,0,0,0,0,0,1,0,0,0,0,0,0,0,0,0,0,0,0
threatened,ecology,0,2,0,0,1,1,1,0,0,0,0,0,2,0,0,0,1,0,1,2
thunder,weather,0,1,0,0,0,0,0,0,0,0,0,0,0,0,0,0,2,0,0,0
tiger,mammal,0,0,0,0,0,0,0,0,0,0,0,0,0,0,0,0,0,0,3,0
timber,agriculture,0,0,0,0,0,0,0,0,0,0,0,0,0,0,0,0,1,1,1,0
tornado,weather,0,27,0,0,0,0,0,0,1,1,0,0,0,1,0,0,0,0,0,0
tortoise,reptile,1,0,0,0,0,0,0,0,0,0,0,0,0,0,0,0,0,0,1,0
toxic,pollution,1,1,0,0,1,0,1,0,0,0,0,0,0,0,5,0,0,0,0,0
trail,activity,0,1,0,0,0,0,0,1,0,0,0,0,0,0,0,0,5,1,0,0
tree,plant,0,2,0,1,1,1,0,1,0,0,1,0,0,3,0,0,16,17,3,2
tropical,ecosystem,0,2,0,0,0,0,0,0,0,0,0,0,0,0,0,0,0,0,0,0
trout,fish,0,0,0,0,0,0,0,0,0,0,0,0,0,0,0,0,3,0,5,1
trust,evidence,0,1,1,1,6,0,0,0,0,0,0,0,0,0,0,1,0,0,0,0
truth,,0,7,1,1,4,1,3,1,0,0,0,0,0,0,0,0,0,0,0,0
turkey,bird,1,1,0,0,2,0,0,0,0,0,0,0,1,0,0,0,0,0,0,0
turtle,reptile,0,0,0,0,0,0,0,0,0,0,0,0,0,0,0,0,0,0,3,0
understanding,evidence,0,1,1,1,4,1,0,0,0,0,0,0,1,0,1,0,1,1,0,0
ungagepa,action,0,0,0,0,0,0,3,0,0,0,0,0,0,0,0,0,0,0,0,0
universe,astro,1,1,0,0,0,0,0,0,0,0,0,0,0,0,0,0,0,1,0,0
unscientific,evidence,0,0,0,3,0,0,0,0,0,0,0,0,0,0,0,0,0,0,0,0
uranium,chem,0,1,0,0,5,0,0,0,0,0,0,0,0,0,0,0,0,0,0,0
usda,agency,0,0,0,191,2,2,0,0,0,0,0,0,32,7,0,0,4,0,1,0
usfs,agency,0,0,0,0,0,5,0,0,0,0,0,0,0,0,0,0,2,0,1,0
usfws,agency,0,0,0,0,0,0,1,0,0,0,0,0,0,0,0,0,0,0,23,2
valley,ecosystem,0,0,0,0,0,0,0,0,0,0,0,1,0,0,0,0,1,0,1,0
vegetation,plant,0,0,0,0,0,0,0,0,0,0,0,0,0,0,0,0,0,0,2,0
verify,evidence,0,3,1,0,2,0,0,0,0,0,0,0,0,0,0,0,0,0,0,0
violets,plant,1,1,2,0,0,0,0,0,0,0,0,0,0,0,0,0,0,0,0,0
volcanic,geology,0,0,0,0,1,0,0,0,0,0,0,1,0,0,0,0,0,0,0,0
waldo,person,0,0,0,0,0,0,0,0,0,0,0,0,0,0,0,0,0,1,0,0
water,,5,11,0,1,66,0,1,1,1,1,0,1,5,1,17,5,6,6,6,1
waterislife,,3,0,0,0,0,0,0,0,0,0,0,0,0,0,0,0,0,0,0,0
watershed,ecosystem,0,0,0,0,0,0,0,0,0,0,0,0,0,0,0,0,1,1,0,0
waterways,ecosystem,0,0,0,0,3,0,0,0,0,0,0,0,0,0,0,0,0,0,0,0
weasel,mammal,2,0,0,0,0,0,0,0,0,0,0,0,0,0,0,0,0,0,1,0
weather,weather,0,43,0,0,5,1,0,1,1,2,0,0,0,0,1,0,1,0,1,0
wetland,ecosystem,0,1,0,0,1,0,2,0,0,0,0,0,0,0,0,0,0,1,7,1
wettest,weather,0,0,0,0,0,0,0,0,0,2,0,0,0,0,0,0,0,0,0,0
whale,mammal,0,11,0,0,0,0,0,0,0,0,0,0,0,0,0,0,0,0,0,0
whaling,conservation,0,3,0,0,0,1,0,0,0,0,0,0,0,0,0,0,0,0,0,0
whitetailed,mammal,0,0,0,0,0,0,0,0,0,0,0,0,0,0,0,0,0,0,1,0
whwatersummit,,0,0,0,0,0,0,0,0,0,0,0,0,0,0,3,0,0,0,0,0
wikipedia,evidence,0,2,0,0,4,0,0,0,0,0,0,0,0,0,0,0,0,0,0,0
wild,general,1,1,0,0,0,0,1,1,0,0,0,0,1,0,0,0,0,1,10,4
wilderness,,22,0,1,0,0,0,0,1,0,0,0,0,0,0,0,0,6,2,0,0
wildernesswarriors,,30,0,0,0,0,0,1,0,0,0,0,0,0,0,0,0,0,0,0,0
wildfire,ecology,0,1,0,0,0,1,0,0,0,0,0,0,3,0,0,0,6,2,0,0
wildflowers,plant,0,1,0,0,0,0,0,0,0,0,0,0,0,0,0,0,0,0,0,1
wildland,ecosystem,0,0,0,0,0,0,0,0,0,0,0,0,0,0,0,0,5,0,0,0
wildlife,animal,1,3,0,13,4,0,5,0,0,0,1,0,0,0,0,0,4,2,18,13
wildlifecrime,action,0,0,0,0,0,0,0,0,0,0,0,0,0,0,0,0,0,0,1,0
wildliferefuge,agency,0,0,0,0,0,0,0,0,0,0,0,0,0,0,0,0,0,0,19,4
wildlifewednesday,animal,0,0,0,0,0,0,2,0,0,0,0,0,0,0,0,0,0,1,0,0
wildlifewin,general,0,0,0,0,0,0,0,0,0,0,0,0,0,0,0,0,0,0,3,2
wings,bird,0,0,0,1,0,0,0,0,0,0,0,0,0,0,0,0,0,1,1,0
wolf,mammal,2,1,0,8,0,0,0,1,0,0,0,0,0,0,0,0,0,0,0,0
womeninag,agriculture,0,0,0,0,0,0,0,0,0,0,0,0,1,0,0,0,0,0,0,0
womeninstem,general,0,0,0,0,0,0,0,0,0,0,0,0,0,0,2,0,0,0,0,0
woods,ecosystem,1,0,0,0,1,0,0,0,0,0,0,0,1,0,0,0,3,3,0,0
woodpecker,bird,0,0,0,0,0,0,0,0,0,0,0,0,0,0,0,0,0,0,0,1
workingtrees,agriculture,0,0,0,0,0,0,0,0,0,0,0,0,0,0,0,0,1,8,0,0
world,astro,3,18,5,5,12,0,2,0,0,0,0,1,2,0,2,0,5,3,1,4
worldwaterday,,1,0,0,0,0,0,0,0,1,0,0,0,1,0,1,0,1,2,0,1
worldwetlandsday,ecosystem,0,0,0,0,0,0,1,0,0,0,0,0,0,0,0,0,0,1,3,1
worldwildlifeday,general,0,0,0,1,0,0,0,0,0,0,0,0,0,0,0,0,0,1,2,4
yellowstone,conservation,0,0,1,1,1,0,0,0,0,0,0,0,0,0,0,0,0,0,0,0
