,username,replyto_1,replyto_2,Jdate,date,retweets,favorites,text,mentions,hashtags,permalink,afraid,amused,angry,annoyed,dont_care,happy,inspired,sad,type,url,no_tiny_urls
2809,BadHombreNPS,,,392,1/26/2017,1765,1369,Here's an interactive map of all pipeline spills since 2010. @undarkmag noDAPL #standingrock http://undark.org/article/oil-pipeline-safety-dakota-access-standing-rock/ … pic.twitter.com/3jv4hiA83e,@undarkmag,#noDAPL #standingrock,https://twitter.com/BadHombreNPS/status/824643921397555201,0.124649256,0.114684122,0.111109444,0.158078082,0.09305026,0.150716282,0.135557981,0.112154573,Alt,http://undark.org/article/oil-pipeline-safety-dakota-access-standing-rock/,https://undark.org/article/oil-pipeline-safety-dakota-access-standing-rock/
2847,altNOAA,,,431,3/6/2017,41,48,407.59 ppm (going up). https://scripps.ucsd.edu/programs/keelingcurve/ …,,,https://twitter.com/altNOAA/status/838643151426441216,NA,NA,NA,NA,NA,NA,NA,NA,Alt,https://scripps.ucsd.edu/programs/keelingcurve/,https://scripps.ucsd.edu/programs/keelingcurve/
2898,altNOAA,WoodmansLuck,,422,2/25/2017,1,2,2016 was the biggest bump in CO2 in human history. https://scripps.ucsd.edu/programs/keelingcurve/2016/04/20/comment-on-recent-record-breaking-co2-concentrations/ …,,,https://twitter.com/altNOAA/status/835616457027375105,0.247921634,0.149866502,0.090844444,0.082873564,0.108151032,0.106286694,0.118331714,0.095724415,Alt,https://scripps.ucsd.edu/programs/keelingcurve/2016/04/20/comment-on-recent-record-breaking-co2-concentrations/,https://scripps.ucsd.edu/programs/keelingcurve/2016/04/20/comment-on-recent-record-breaking-co2-concentrations/
3048,altNOAA,,,396,1/30/2017,57,75,The latest CO2 measurement is 405.82 ppm. https://scripps.ucsd.edu/programs/keelingcurve/ … ScienceMarchOnWashington #resist,,#ScienceMarchOnWashington #resist,https://twitter.com/altNOAA/status/826227154782474240,0.244307018,0.197424746,0.103147038,0.068863564,0.122809436,0.075907917,0.101365092,0.086175191,Alt,https://scripps.ucsd.edu/programs/keelingcurve/,https://scripps.ucsd.edu/programs/keelingcurve/
3062,altNOAA,,,392,1/26/2017,33,39,Good morning. The amount of CO2 in the atmosphere today is 405.77 ppm. You can learn more here (check daily): https://scripps.ucsd.edu/programs/keelingcurve/ …,,#CO2,https://twitter.com/altNOAA/status/824624622620594177,0.175311609,0.134176265,0.09939772,0.093271161,0.116973652,0.110656337,0.145176181,0.125037077,Alt,https://scripps.ucsd.edu/programs/keelingcurve/,https://scripps.ucsd.edu/programs/keelingcurve/
2860,altNOAA,,,429,3/4/2017,77,174,Even the Russians agree on the consensus of human-induced climate change. resist http://wmc.meteoinfo.ru/media/climate/obzhee_rezume_eng.pdf … pic.twitter.com/rOZmr4FjN5,,#resist,https://twitter.com/altNOAA/status/838117960313147393,0.132556492,0.122016473,0.136530868,0.135006743,0.10081908,0.124250916,0.132755553,0.116063875,Alt,http://wmc.meteoinfo.ru/media/climate/obzhee_rezume_eng.pdf,http://wmc.meteoinfo.ru/media/climate/obzhee_rezume_eng.pdf
2873,altNOAA,,,427,3/2/2017,117,477,Sessions recused himself. In lighter news did you guys hear that a team of scientists mapped out dark matter? https://www.sciencedaily.com/releases/2017/03/170301105603.htm …,,,https://twitter.com/altNOAA/status/837461135255298049,0.102752633,0.163366269,0.10576416,0.113248542,0.122801526,0.150739766,0.143898491,0.097428613,Alt,https://www.sciencedaily.com/releases/2017/03/170301105603.htm,https://www.sciencedaily.com/releases/2017/03/170301105603.htm
2880,altNOAA,,,425,2/28/2017,93,173,"EPA tends to choose people who share EPA’s views about the importance of environmental issues."" Mind-blowing! https://www.aip.org/fyi/2017/science-committee-debates-standards-scientific-quality-epa-and-noaa …"" ",,,https://twitter.com/altNOAA/status/836468450205782017,0.094656603,0.118725872,0.190322432,0.136473401,0.086812877,0.154430163,0.141801642,0.076777011,Alt,https://www.aip.org/fyi/2017/science-committee-debates-standards-scientific-quality-epa-and-noaa,https://www.aip.org/fyi/2017/science-committee-debates-standards-scientific-quality-epa-and-noaa
2297,USFWS,,,179,6/27/2016,66,128,Eagle eyes filter out harmful radiation & inspired these sunglasses: http://bit.ly/28Zd1Zi NationalSunglassesDay pic.twitter.com/kp2d8ejgaR,,#NationalSunglassesDaypic,https://twitter.com/USFWS/status/747433371740049408,0.128808582,0.175540624,0.099093254,0.086254757,0.089580172,0.13297845,0.150073493,0.137670669,Off,http://bit.ly/28Zd1Zi,http://www.space.com/11141-space-technology-spinoffs-ultraviolet-sunglasses.html
2904,altNOAA,,,421,2/24/2017,21,45,It really seems like a bad idea to put humans on the first flight of our new SLS. Maybe a few cargo launches to testhttp://www.space.com/35825-safety-group-probes-sls-astronaut-flight.html …,,,https://twitter.com/altNOAA/status/835189884579119106,0.091477833,0.211086292,0.070959715,0.149249572,0.084684004,0.143270954,0.155781644,0.093489986,Alt,http://www.space.com/35825-safety-group-probes-sls-astronaut-flight.html,http://www.space.com/35825-safety-group-probes-sls-astronaut-flight.html
3015,altNOAA,,,404,2/7/2017,59,203,Our thoughts go out to these NASA employees and everyone affected by today's tornadoes across the Gulf Coast.http://www.space.com/35612-tornado-hits-nasa-michoud-assembly-facility.html …,,#NASA,https://twitter.com/altNOAA/status/829189177778507777,0.221501543,0.119023558,0.083479111,0.083409997,0.08654255,0.102007965,0.122258697,0.18177658,Alt,http://www.space.com/35612-tornado-hits-nasa-michoud-assembly-facility.html,http://www.space.com/35612-tornado-hits-nasa-michoud-assembly-facility.html
2991,altNOAA,,,407,2/10/2017,124,307,Planet Emergency: We must save coral reefs! Doing so saves humanity. Learn about how climate impacts coral reefs. http://www.teachoceanscience.net/teaching_resources/education_modules/coral_reefs_and_climate_change/how_does_climate_change_affect_coral_reefs/ …,,,https://twitter.com/altNOAA/status/830267632943259649,0.129006789,0.139520126,0.107198598,0.105973747,0.098109623,0.111261699,0.194697464,0.114231954,Alt,http://www.teachoceanscience.net/teaching_resources/education_modules/coral_reefs_and_climate_change/how_does_climate_change_affect_coral_reefs/,http://www.teachoceanscience.net/teaching_resources/education_modules/coral_reefs_and_climate_change/how_does_climate_change_affect_coral_reefs/
2993,altNOAA,,,407,2/10/2017,86,169,Tonight will have a FullMoon #Eclipse and #Comet45P! Get outside tonight! And tweet us your photos!http://www.skyandtelescope.com/astronomy-news/comet-45p-closing-in-for-weekend-flyby/ …,,#FullMoon #Eclipse #Comet45P,https://twitter.com/altNOAA/status/830202824457846784,0.082082946,0.175819729,0.071634635,0.083375726,0.136767839,0.166995111,0.186908893,0.096415121,Alt,http://www.skyandtelescope.com/astronomy-news/comet-45p-closing-in-for-weekend-flyby/,http://www.skyandtelescope.com/astronomy-news/comet-45p-closing-in-for-weekend-flyby/
2999,altNOAA,,,406,2/9/2017,1238,735,We have not taken a breath of air with less than 400 ppm of CO2 since 2015. And we never will again. ClimateFactshttp://www.climatecentral.org/news/world-passes-400-ppm-threshold-permanently-20738 …,,#ClimateFactshttp,https://twitter.com/altNOAA/status/829784256377475077,0.172160861,0.137554401,0.12062762,0.124503047,0.112622499,0.088698586,0.144292126,0.09954086,Alt,http://www.climatecentral.org/news/world-passes-400-ppm-threshold-permanently-20738,http://www.climatecentral.org/news/world-passes-400-ppm-threshold-permanently-20738
3031,altNOAA,,,399,2/2/2017,256,142,Changes appear on EPA website erasing portions of Obama's legacy. http://www.climatecentral.org/news/epa-climate-web-pages-change-21133 … resist,,#resist,https://twitter.com/altNOAA/status/827295312624615425,0.106521178,0.121556456,0.212906709,0.10152239,0.114171282,0.141773783,0.100598935,0.100949266,Alt,http://www.climatecentral.org/news/epa-climate-web-pages-change-21133,http://www.climatecentral.org/news/epa-climate-web-pages-change-21133
3087,NotAltWorld,,,392,1/26/2017,6589,15350,"A YUUUGE ScienceMarch in Washington DC is being planned to tell Trump's cabinet Alt"" facts won't sell #resisthttp://www.climatecentral.org/news/scientists-march-washington-dc-21111 …"" ",,#ScienceMarch #resisthttp,https://twitter.com/NotAltWorld/status/824620613797089281,0.116956077,0.154511981,0.094522569,0.108933852,0.120995552,0.21054542,0.10469399,0.08884056,Alt,http://www.climatecentral.org/news/scientists-march-washington-dc-21111,http://www.climatecentral.org/news/scientists-march-washington-dc-21111
3090,NotAltWorld,,,392,1/26/2017,3986,9391,A march on Washington is being nationally organized to advocate the importance of science to Trump sciencemarchhttp://www.climatecentral.org/news/scientists-march-washington-dc-21111 …,,#sciencemarchhttp,https://twitter.com/NotAltWorld/status/824569983095205888,0.097062777,0.126886858,0.115535491,0.143989396,0.11328727,0.124050564,0.164903389,0.114284255,Alt,http://www.climatecentral.org/news/scientists-march-washington-dc-21111,http://www.climatecentral.org/news/scientists-march-washington-dc-21111
3369,altusda,,,406,2/9/2017,145,146,Sonny Perdue will be bad. Very disappointed Vilsack endorsed him. http://www.climatecentral.org/news/food-security-forest-risk-trump-usda-21139 … resist #factsmatter #climatechangeisreal,,#resist #factsmatter #climatechangeisreal,https://twitter.com/altusda/status/829913974430892034,0.103008852,0.162485963,0.122040869,0.133244732,0.122119336,0.120324081,0.126047806,0.11072836,Alt,http://www.climatecentral.org/news/food-security-forest-risk-trump-usda-21139,http://www.climatecentral.org/news/food-security-forest-risk-trump-usda-21139
4018,altUSEPA,altUSEPA,,402,2/5/2017,34,100,Photo credit: Nickolay Lamm /http://ClimateCentral.org,,,https://twitter.com/altUSEPA/status/828450836976107521,0.099066748,0.136890621,0.089419648,0.120802432,0.122384805,0.153821562,0.150934003,0.126680181,Alt,http://ClimateCentral.org,http://www.climatecentral.org/
4024,altUSEPA,,,401,2/4/2017,883,554,The great unsciencing begins. Includes before & after screenshots. Thanks @AltVolcanoes_NPhttp://www.climatecentral.org/news/epa-climate-web-pages-change-21133 …,@AltVolcanoes_NPhttp,,https://twitter.com/altUSEPA/status/827844951165661185,0.08818733,0.16822286,0.050184409,0.10975609,0.153581643,0.174038325,0.183218751,0.072810594,Alt,http://www.climatecentral.org/news/epa-climate-web-pages-change-21133,http://www.climatecentral.org/news/epa-climate-web-pages-change-21133
3008,altNOAA,,,405,2/8/2017,23,62,Tornado simulator... and enjoy the cow! http://scijinks.gov/tornado-simulation/ … weather,,#weather,https://twitter.com/altNOAA/status/829377722463956994,0.234545062,0.070441395,0.055702515,0.052737134,0.107142659,0.105669943,0.179810136,0.193951156,Alt,http://scijinks.gov/tornado-simulation/,https://scijinks.gov/tornado-simulation/
488,NatlParkService,,,76,3/16/2016,45,92,. @NatGeo explores the importance of green spaces. What your fav city getaway? http://on.natgeo.com/1Z08y7g FindYourPark pic.twitter.com/OLUh5TVV3c,@NatGeo,#FindYourParkpic,https://twitter.com/NatlParkService/status/710105594602987521,0.095327192,0.147458207,0.074502092,0.082410375,0.089549825,0.18202291,0.226508415,0.102220984,Off,http://on.natgeo.com/1Z08y7g,http://www.nationalgeographic.com/magazine/2016/04/nature-urban-national-parks/
1388,EPA,,NA,3,1/3/2016,12,9,TUNE IN NOW: @GinaEPA on StarTalkTV with @neiltyson.http://channel.nationalgeographic.com/startalk/episodes/gina-mccarthy/ …,@GinaEPA @neiltyson,#StarTalkTV,https://twitter.com/EPA/status/683860703917260801,0.094710184,0.157234277,0.081642256,0.115428908,0.111153655,0.151069801,0.190575548,0.098185372,Off,http://channel.nationalgeographic.com/startalk/episodes/gina-mccarthy/,http://channel.nationalgeographic.com/startalk/episodes/gina-mccarthy/
1389,EPA,,NA,3,1/3/2016,8,5,Starting soon! @GinaEPA is on StarTalkTV with @neiltyson. Tune in at 11pm ET to watch. http://channel.nationalgeographic.com/startalk/episodes/gina-mccarthy/ …,@GinaEPA @neiltyson,#StarTalkTV,https://twitter.com/EPA/status/683853019381940225,0.079316102,0.157255786,0.074094759,0.126836192,0.133045691,0.164157311,0.156616552,0.108677607,Off,http://channel.nationalgeographic.com/startalk/episodes/gina-mccarthy/,http://channel.nationalgeographic.com/startalk/episodes/gina-mccarthy/
1390,EPA,,NA,3,1/3/2016,23,18,Tonight @ 11pm ET: @GinaEPA on StarTalkTV season finale w/ @neiltyson to talk how we protect planet & #ActOnClimate. http://channel.nationalgeographic.com/startalk/episodes/gina-mccarthy/ …,@ @GinaEPA @neiltyson,#StarTalkTV #ActOnClimate,https://twitter.com/EPA/status/683800400902905856,0.110901177,0.16366639,0.07293418,0.100351583,0.155182545,0.145636591,0.146828276,0.104499258,Off,http://channel.nationalgeographic.com/startalk/episodes/gina-mccarthy/,http://channel.nationalgeographic.com/startalk/episodes/gina-mccarthy/
2371,USFWS,,,130,5/9/2016,66,107,Rare Butterflies Flying High at Los Angeles Airport: http://bit.ly/1WjXx27 pic.twitter.com/SftF9tdI3c,,,https://twitter.com/USFWS/status/729782070889852929,0.132418362,0.136163061,0.085786478,0.093315419,0.131113391,0.182819389,0.127148442,0.111235457,Off,http://bit.ly/1WjXx27,http://news.nationalgeographic.com/2016/04/160421-butterflies-endangered-species-animals/
2546,USFWS,Mike_R_Johnson,,54,2/23/2016,2,2,@Mike_R_Johnson investigation to learn more here's what we know:http://on.natgeo.com/1QyiRiE ,@Mike_R_Johnson,,https://twitter.com/USFWS/status/702199422919294976,0.086372168,0.110083735,0.171677879,0.125750152,0.098995757,0.105534386,0.179408411,0.122177515,Off,http://on.natgeo.com/1QyiRiE,http://news.nationalgeographic.com/2016/02/160222-13-dead-eagles-eastern-shore-maryland/?utm_source=Twitter&utm_medium=Social&utm_content=link_tw20160222news-eagles&utm_campaign=Content&sf21353157=1
3035,altNOAA,,,397,1/31/2017,38,174,Pres. Obama protected more of the sea than anyone! Photo credit: Brian Skerry/ @NatGeo http://www.nationalgeographic.com/magazine/2017/02/interview-president-obama-underwater-snorkeling/ … pic.twitter.com/lqp6gDjCrc,@NatGeo,,https://twitter.com/altNOAA/status/826501197473468416,0.104112443,0.114492129,0.179077065,0.121148023,0.09613804,0.128804309,0.127526599,0.128701392,Alt,http://www.nationalgeographic.com/magazine/2017/02/interview-president-obama-underwater-snorkeling/,http://www.nationalgeographic.com/magazine/2017/02/interview-president-obama-underwater-snorkeling/
3218,altusda,,,419,2/22/2017,150,216,Excellent summary of where things stand on the USDABlackout by @natashaldaly http://on.natgeo.com/2lMjCe5 #stoppuppymills #nousdablackout,@natashaldaly,#USDABlackout #stoppuppymills #nousdablackout,https://twitter.com/altusda/status/834491164761919488,0.077189984,0.120649203,0.131996437,0.133126646,0.133132757,0.143314828,0.144051885,0.116538261,Alt,http://on.natgeo.com/2lMjCe5,http://news.nationalgeographic.com/2017/02/wildlife-watch-usda-animal-welfare-records-trump-explainer/
4011,altUSEPA,ferallyferal,Susan_Masten,407,2/10/2017,6,5,Underground fires can prove very difficult to contain.http://news.nationalgeographic.com/news/energy/2013/01/pictures/130108-centralia-mine-fire/ …,,,https://twitter.com/altUSEPA/status/830139773541085184,0.127347561,0.111125121,0.122479564,0.114656856,0.122727146,0.123898601,0.133633579,0.144131573,Alt,http://news.nationalgeographic.com/news/energy/2013/01/pictures/130108-centralia-mine-fire/,http://news.nationalgeographic.com/news/energy/2013/01/pictures/130108-centralia-mine-fire/
4072,altUSEPA,,,395,1/29/2017,236,788,A tree-planting obsession can go so terribly terribly well.http://video.nationalgeographic.com/video/short-film-showcase/india-man-plants-forest-bigger-than-central-park-to-save-his-island?utm_source=Twitter&utm_medium=Social&utm_content=link_tw20170129video-indiatrees&utm_campaign=Content&sf52563404=1 …,,,https://twitter.com/altUSEPA/status/825822892243853312,0.03657527,0.250897483,0.048760208,0.032075753,0.145860489,0.111491654,0.206924647,0.167414499,Alt,http://video.nationalgeographic.com/video/short-film-showcase/india-man-plants-forest-bigger-than-central-park-to-save-his-island?utm_source=Twitter&utm_medium=Social&utm_content=link_tw20170129video-indiatrees&utm_campaign=Content&sf52563404=1,http://video.nationalgeographic.com/video/short-film-showcase/india-man-plants-forest-bigger-than-central-park-to-save-his-island?utm_source=Twitter&utm_medium=Social&utm_content=link_tw20170129video-indiatrees&utm_campaign=Content&sf52563404=1
3037,altNOAA,,,397,1/31/2017,46,92,"The WHO recommends promoting clean energy that does not burn coal"" to reduce human exposure from mercury. #healthhttp://www.who.int/mediacentre/factsheets/fs361/en/ …"" ",,#coal #healthhttp,https://twitter.com/altNOAA/status/826495000288567297,0.180865751,0.106105608,0.103788554,0.089591465,0.12007729,0.120511323,0.117286098,0.16177391,Alt,http://www.who.int/mediacentre/factsheets/fs361/en/,http://www.who.int/mediacentre/factsheets/fs361/en/
3133,altusda,,,456,3/31/2017,118,152,Important story on the cruel and unscientific practices used by USDA Wildlife Services http://thedo.do/2nsnXn7 h/t @sarahvschweig resist,@sarahvschweig,#resist,https://twitter.com/altusda/status/847849766255968257,0.131477213,0.129782336,0.134353482,0.099713985,0.117345032,0.124112637,0.132785182,0.130430133,Alt,http://thedo.do/2nsnXn7,https://www.thedodo.com/coyote-friend-trapping-2326574316.html?utm_source=twitter&utm_medium=social&utm_campaign=share
3149,altusda,,,447,3/22/2017,386,251,Terrible. Republicans decide to brand themselves the party of cruelty (towards humans and other animals). http://thedo.do/2mUE1Lc resist,,#resist,https://twitter.com/altusda/status/844610539112349709,0.081231259,0.144535725,0.121794161,0.183503701,0.114934144,0.112806921,0.121171722,0.120022367,Alt,http://thedo.do/2mUE1Lc,https://www.thedodo.com/bear-wolf-alaska-hunting-sjres18-2324704518.html?utm_source=twitter&utm_medium=social&utm_campaign=share
3182,altusda,,,428,3/3/2017,124,87,"Awful. @USDA WS kills wolf with indiscriminate nasty sickening"" cyanide trap http://thedo.do/2mmPExv In-depth reporting by @sarahvschweig"" ",@USDA @sarahvschweig,,https://twitter.com/altusda/status/837732679894327296,0.150243765,0.123287353,0.103625084,0.096584319,0.128095835,0.098465392,0.13929841,0.160399843,Alt,http://thedo.do/2mmPExv,https://www.thedodo.com/oregon-shamrock-pack-wolf-m44-2297090329.html?utm_source=twitter&utm_medium=social&utm_campaign=share
3242,altusda,Sarah_Alemi86,HuffPostBlog,416,2/19/2017,6,6,Senate still needs to vote: https://www.thedodo.com/us-house-alaska-bear-wolf-2268102226.html?utm_content=buffer9c6ad&utm_medium=social&utm_source=twitter.com&utm_campaign=buffer …,,,https://twitter.com/altusda/status/833324331652546560,0.098082149,0.11925167,0.149891163,0.149352545,0.128705663,0.139348529,0.128472735,0.086895546,Alt,https://www.thedodo.com/us-house-alaska-bear-wolf-2268102226.html?utm_content=buffer9c6ad&utm_medium=social&utm_source=twitter.com&utm_campaign=buffer,https://www.thedodo.com/us-house-alaska-bear-wolf-2268102226.html?utm_content=buffer9c6ad&utm_medium=social&utm_source=twitter.com&utm_campaign=buffer
3295,altusda,,,412,2/15/2017,131,60,30 000 Horses Are Shipped From The U.S. To Be Killed Every Year http://thedo.do/2knKTU4 See action item at end of @sarahvschweig's report.,@sarahvschweig,,https://twitter.com/altusda/status/831955217298096128,0.168459824,0.119114151,0.108570826,0.097763547,0.118546502,0.116735292,0.140113396,0.130696463,Alt,http://thedo.do/2knKTU4,https://www.thedodo.com/us-horses-canada-slaughter-2261096346.html?utm_source=twitter&utm_medium=social&utm_campaign=share
3382,altusda,,,406,2/9/2017,108,234,Wow! Our photo campaign to resist the USDA blackout covered by @Dodo! http://thedo.do/2k7Z4rx Thx @sarahvschweig! #noblackout #transparency,@Dodo @sarahvschweig,#resist #noblackout #transparency,https://twitter.com/altusda/status/829721806487552000,0.104081231,0.13188605,0.110244691,0.111934812,0.133363153,0.14631268,0.152225122,0.109952261,Alt,http://thedo.do/2k7Z4rx,https://www.thedodo.com/pet-photos-usda-blackout-2250183023.html?utm_source=twitter&utm_medium=social&utm_campaign=share
3484,altusda,,,400,2/3/2017,652,427,Here's the @Dodo's report on the Trump USDA's shocking assault on transparency http://thedo.do/2l18MAX #factsmatter #animalwelfare #resist,@Dodo,#transparency #factsmatter #animalwelfare #resist,https://twitter.com/altusda/status/827649026719875073,0.095823075,0.121213851,0.184900064,0.14175584,0.119703703,0.097006262,0.10537375,0.134223455,Alt,http://thedo.do/2l18MAX,https://www.thedodo.com/usda-animal-welfare-information-removed-2236124400.html?utm_source=twitter&utm_medium=social&utm_campaign=share
3134,altusda,,,456,3/31/2017,61,107,Really interesting project out of Johns Hopkins for labeling and rating food producers ethical standards http://bit.ly/2naWVRl via @HubJHU,@HubJHU,,https://twitter.com/altusda/status/847834806331232257,0.105942154,0.161453904,0.097135559,0.136580562,0.103457046,0.146674434,0.151053088,0.097703254,Alt,http://bit.ly/2naWVRl,http://hub.jhu.edu/magazine/2017/spring/forefront-identifying-ethically-raised-food/
2836,altNOAA,,,432,3/7/2017,41,63,Well this is pretty frightening. TropicalCycloneEnawo https://phys.org/news/2017-03-nasa-powerful-tropical-cyclone-enawo_1.html …,,#TropicalCycloneEnawohttps,https://twitter.com/altNOAA/status/839325132074143744,0.12426204,0.176734948,0.06896321,0.058630938,0.089440347,0.175811761,0.158853035,0.14730372,Alt,https://phys.org/news/2017-03-nasa-powerful-tropical-cyclone-enawo_1.html,https://phys.org/news/2017-03-nasa-powerful-tropical-cyclone-enawo_1.html
3155,altusda,,,441,3/16/2017,154,159,Third case of bird flu detected in Tennessee http://phy.so/408888354 And Trump wants to cut rather than expand regulations! resist,,#resist,https://twitter.com/altusda/status/842451946678157312,0.254848919,0.102284124,0.089654035,0.107965111,0.127599682,0.109269087,0.089844164,0.118534878,Alt,http://phy.so/408888354,https://phys.org/news408888354.html
3761,altUSEPA,JohnDIrish,,435,3/10/2017,3,2,Increasing similarly to CO2 https://phys.org/news/2016-12-surge-methane-emissions-threatens-efforts.html …,,,https://twitter.com/altUSEPA/status/840379166281232385,0.311188484,0.121607987,0.089648635,0.095881478,0.093694388,0.092854354,0.103024783,0.092099891,Alt,https://phys.org/news/2016-12-surge-methane-emissions-threatens-efforts.html,https://phys.org/news/2016-12-surge-methane-emissions-threatens-efforts.html
3224,altusda,,,418,2/21/2017,442,585,The amazing Jane Goodall weighs in on the USDA blackout: http://news.janegoodall.org/2017/02/17/usda-blacks-animal-welfare-information/ … via @JaneGoodallInst nousdablackout #stoppuppymills pic.twitter.com/3Gj7ItZD14,@JaneGoodallInst,#nousdablackout #stoppuppymillspic,https://twitter.com/altusda/status/834113497143377920,0.159051716,0.147045857,0.063652182,0.195126897,0.091021775,0.10195981,0.01998093,0.222160831,Alt,http://news.janegoodall.org/2017/02/17/usda-blacks-animal-welfare-information/,http://news.janegoodall.org/2017/02/17/usda-blacks-animal-welfare-information/
2236,USFWS,,,231,8/18/2016,78,132,Helping species survive on islands covered in nuclear waste bird-eating mice & crazy ants: http://bit.ly/2b1KFid pic.twitter.com/LGl1e5YF24,,,https://twitter.com/USFWS/status/766293314261819392,0.141457282,0.112775395,0.120767962,0.114615909,0.122721912,0.106257671,0.139893839,0.14151003,Off,http://bit.ly/2b1KFid,http://www.scientificamerican.com/article/even-the-most-remote-islands-harbor-human-messes/
3323,altusda,,,411,2/14/2017,284,246,Scary: the group controlling Trump's USDA claims that antibiotic resistance isn't a problem. The facts: https://www.scientificamerican.com/article/how-drug-resistant-bacteria-travel-from-the-farm-to-your-table/ … resist pic.twitter.com/KzqfOpguDN,,#resistpic,https://twitter.com/altusda/status/831523963478147073,0.23346612,0.143004924,0.083666804,0.09256597,0.132089016,0.1069073,0.081536645,0.126763221,Alt,https://www.scientificamerican.com/article/how-drug-resistant-bacteria-travel-from-the-farm-to-your-table/,https://www.scientificamerican.com/article/how-drug-resistant-bacteria-travel-from-the-farm-to-your-table/
3588,altUSEPA,phantomrachel,,450,3/25/2017,0,2,"The Great Wall of China is not as visible"" as legend makes it out. https://www.scientificamerican.com/article/is-chinas-great-wall-visible-from-space/ …"" ",,,https://twitter.com/altUSEPA/status/845664905902473225,0.114610269,0.178067356,0.093162658,0.085904918,0.102679591,0.13631599,0.181909663,0.107349557,Alt,https://www.scientificamerican.com/article/is-chinas-great-wall-visible-from-space/,https://www.scientificamerican.com/article/is-chinas-great-wall-visible-from-space/
3807,altUSEPA,altUSEPA,,433,3/8/2017,29,56,The most tangible of these challenges is the broad acquisition of equal pay. https://www.scientificamerican.com/article/do-women-earn-less-than-men-in-stem-fields/ …,,,https://twitter.com/altUSEPA/status/839570523075956737,0.083658949,0.145110767,0.098392293,0.133449767,0.128312577,0.140942129,0.174306792,0.095826727,Alt,https://www.scientificamerican.com/article/do-women-earn-less-than-men-in-stem-fields/,https://www.scientificamerican.com/article/do-women-earn-less-than-men-in-stem-fields/
4089,altUSEPA,,,394,1/28/2017,986,2387,Alt/Rogue science sites headline on Scientific American's web site - Friday Jan 27 2017. https://www.scientificamerican.com/article/ldquo-rogue-rdquo-science-agencies-defy-trump-administration-on-twitter/ …,,,https://twitter.com/altUSEPA/status/825253082271358981,0.126456435,0.145615202,0.102138471,0.110670103,0.125767138,0.131490484,0.149794014,0.108068153,Alt,https://www.scientificamerican.com/article/ldquo-rogue-rdquo-science-agencies-defy-trump-administration-on-twitter/,https://www.scientificamerican.com/article/ldquo-rogue-rdquo-science-agencies-defy-trump-administration-on-twitter/
4117,altUSEPA,,,391,1/25/2017,335,433,Science is not a secret or a commodity. Efforts to constrain dissemination of research findings will not succeed. https://www.scientificamerican.com/article/trump-administration-orders-epa-to-remove-its-climate-change-web-page1/ …,,,https://twitter.com/altUSEPA/status/824369415474909184,0.119190804,0.133227045,0.104726723,0.111433842,0.109217321,0.128656143,0.1883047,0.105243423,Alt,https://www.scientificamerican.com/article/trump-administration-orders-epa-to-remove-its-climate-change-web-page1/,https://www.scientificamerican.com/article/trump-administration-orders-epa-to-remove-its-climate-change-web-page1/
3379,altusda,,,406,2/9/2017,166,269,Rachel Carson's Brave and Prescient 1953 Letter Against the Government's Assault on Science and Nature https://www.brainpickings.org/2017/02/08/rachel-carson-washington-post-letter-1953/ … resist,,#resist,https://twitter.com/altusda/status/829745213895737344,0.082681903,0.142653503,0.122074435,0.088682444,0.092696167,0.152680416,0.200395074,0.118136058,Alt,https://www.brainpickings.org/2017/02/08/rachel-carson-washington-post-letter-1953/,https://www.brainpickings.org/2017/02/08/rachel-carson-washington-post-letter-1953/
3899,altUSEPA,,,418,2/21/2017,454,585,In 1952 a pollution fog sat upon London killing over 4000 and hospitalizing more than 150 000. Pollution kills.http://today.tamu.edu/2016/11/14/researchers-solve-mystery-of-historic-1952-london-fog-and-current-chinese-haze/ …,,,https://twitter.com/altUSEPA/status/834017001525817344,0.169799525,0.152992506,0.074555114,0.091076734,0.068091814,0.202330867,0.082057839,0.159095602,Alt,http://today.tamu.edu/2016/11/14/researchers-solve-mystery-of-historic-1952-london-fog-and-current-chinese-haze/,http://today.tamu.edu/2016/11/14/researchers-solve-mystery-of-historic-1952-london-fog-and-current-chinese-haze/
2318,USFWS,,,165,6/13/2016,149,222,Forensics lab uses cutting-edge technology to help solve crimes against wildlife: http://ow.ly/eu8Z300uP2I pic.twitter.com/kkX8Ki3O8D,,,https://twitter.com/USFWS/status/742435219068858369,0.158828179,0.145115299,0.138677898,0.096817835,0.073106494,0.101688385,0.152698398,0.133067512,Off,http://ow.ly/eu8Z300uP2I,http://cen.acs.org/articles/94/i21/CEN-profiles-US-Fish-Wildlife.html?utm_source=Twitter&utm_medium=Social&utm_campaign=CEN&hootPostID=5a8e5f00d53bda6b98de695055687c0f
3474,altusda,,,401,2/4/2017,74,94,Chemists' lives upended by ban http://cen.acs.org/articles/95/i6/Chemists-lives-upended-ban.html … science #standupforscience #nobannowall #resist,,#science #standupforscience #nobannowall #resist,https://twitter.com/altusda/status/827917007093919744,0.188841287,0.133515033,0.112098578,0.0962244,0.086640157,0.134258667,0.140050112,0.108371768,Alt,http://cen.acs.org/articles/95/i6/Chemists-lives-upended-ban.html,http://cen.acs.org/articles/95/i6/Chemists-lives-upended-ban.html
3491,altusda,,,400,2/3/2017,203,458,Researchers proved the existence of ‘hangry.’ If this doesn't make you love science you are dead inside. :-) https://www.newscientist.com/article/2119406-being-hangry-exists-why-a-lack-of-food-can-change-your-mood/#.WJSk5a5cTcs.twitter …,,#science #,https://twitter.com/altusda/status/827543367152189441,0.097906406,0.202848111,0.097204408,0.14209312,0.107125702,0.100340897,0.137219973,0.115261383,Alt,https://www.newscientist.com/article/2119406-being-hangry-exists-why-a-lack-of-food-can-change-your-mood/#.WJSk5a5cTcs.twitter,https://www.newscientist.com/article/2119406-being-hangry-exists-why-a-lack-of-food-can-change-your-mood/#.WJSk5a5cTcs.twitter
3494,altusda,,,399,2/2/2017,1026,996,Trump's Wall Would Block Animals More Than People http://www.seeker.com/mexico-border-wall-will-block-animals-more-than-humans-2225770606.html … Bad for wildlife and the environment. resist,,#resist,https://twitter.com/altusda/status/827273030044835840,0.101408985,0.163867858,0.123890488,0.115064428,0.08755477,0.126205097,0.150189646,0.131818729,Alt,http://www.seeker.com/mexico-border-wall-will-block-animals-more-than-humans-2225770606.html,https://www.seeker.com/mexico-border-wall-will-block-animals-more-than-humans-2225770606.html
3673,altUSEPA,,,444,3/19/2017,160,224,Flint started getting clean water from Detroit GLWA Oct 2016. So why is lead in the water? Pipe corrosion. Explanedhttp://interestingengineering.com/series-terrible-decisions-made-engineers-flint-michigan/ …,,#Flint,https://twitter.com/altUSEPA/status/843361585594740736,0.077727664,0.103088988,0.120758045,0.113195344,0.12329194,0.240042771,0.085379908,0.13651534,Alt,http://interestingengineering.com/series-terrible-decisions-made-engineers-flint-michigan/,http://interestingengineering.com/series-terrible-decisions-made-engineers-flint-michigan/
3704,altUSEPA,,,441,3/16/2017,154,236,Where to find all the lovely charts about climate opinion. Just in case you need to send one to a politician. ?http://climatecommunication.yale.edu/visualizations-data/ycom-us-2016/ …,,#,https://twitter.com/altUSEPA/status/842282973852446720,0.119220838,0.124020079,0.127123738,0.128398498,0.126788595,0.11328647,0.146656819,0.114504964,Alt,http://climatecommunication.yale.edu/visualizations-data/ycom-us-2016/,http://climatecommunication.yale.edu/visualizations-data/ycom-us-2016/
3726,altUSEPA,,,439,3/14/2017,23,112,Because ? is irrational it's reasonable (but not guaranteed) that every possible date sequence will occur somewherehttp://www.askamathematician.com/2009/11/since-pi-is-infinite-can-i-draw-any-random-number-sequence-and-be-certain-that-it-exists-somewhere-in-the-digits-of-pi/ …,,,https://twitter.com/altUSEPA/status/841697512217960448,0.122506075,0.139919806,0.133854146,0.184347898,0.10776678,0.116794773,0.087756754,0.107053769,Alt,http://www.askamathematician.com/2009/11/since-pi-is-infinite-can-i-draw-any-random-number-sequence-and-be-certain-that-it-exists-somewhere-in-the-digits-of-pi/,http://www.askamathematician.com/2009/11/since-pi-is-infinite-can-i-draw-any-random-number-sequence-and-be-certain-that-it-exists-somewhere-in-the-digits-of-pi/
2540,USFWS,tvandenbrook,,55,2/24/2016,3,2,@tvandenbrook now it's $25 000: http://www.biologicaldiversity.org/news/press_releases/2016/bald-eagle-02-24-2016.html …,@tvandenbrook,,https://twitter.com/USFWS/status/702596454871932930,0.115792202,0.120374992,0.119420069,0.12792788,0.125595557,0.124324391,0.145923473,0.120641436,Off,http://www.biologicaldiversity.org/news/press_releases/2016/bald-eagle-02-24-2016.html,http://www.biologicaldiversity.org/news/press_releases/2016/bald-eagle-02-24-2016.html
3741,altUSEPA,altUSEPA,,437,3/12/2017,59,99,Rally: outside hearings Monday March 13 Time: Hearings @ 9 Rally @ noon Loc: 1055 Monterey Ave San Luis Obispohttp://www.biologicaldiversity.org/news/press_releases/2017/oil-trains-03-09-2017.php …,@ @,,https://twitter.com/altUSEPA/status/841123764381274116,0.120913916,0.09799294,0.101435724,0.12114836,0.101714758,0.105742978,0.206033257,0.145018067,Alt,http://www.biologicaldiversity.org/news/press_releases/2017/oil-trains-03-09-2017.php,http://www.biologicaldiversity.org/news/press_releases/2017/oil-trains-03-09-2017.php
4148,AltForestServ,,,412,2/15/2017,577,283,"Senate Republicans will hold a hearing to begin attempting to gut and repeal the Endangered Species Act.""http://www.biologicaldiversity.org/news/press_releases/2017/endangered-species-act-02-14-2017.php …"" ",,,https://twitter.com/AltForestServ/status/831996764769153024,0.075408506,0.099846385,0.207800927,0.140383992,0.09655951,0.120307332,0.109034499,0.150658849,Alt,http://www.biologicaldiversity.org/news/press_releases/2017/endangered-species-act-02-14-2017.php,http://www.biologicaldiversity.org/news/press_releases/2017/endangered-species-act-02-14-2017.php
3026,altNOAA,,,402,2/5/2017,156,290,How scientists can protect their data from the Trump Administration. https://theintercept.com/2017/02/01/how-scientists-can-protect-their-data-from-the-trump-administration/ … resist,,#resist,https://twitter.com/altNOAA/status/828424996510896128,0.123197649,0.134921115,0.127206179,0.144721657,0.115169311,0.119044966,0.1157628,0.119976323,Alt,https://theintercept.com/2017/02/01/how-scientists-can-protect-their-data-from-the-trump-administration/,https://theintercept.com/2017/02/01/how-scientists-can-protect-their-data-from-the-trump-administration/
3756,altUSEPA,,,436,3/11/2017,303,873,Rogue Twitter accounts fight to preserve the voice of government science https://interc.pt/2mdmjCb by @AlleenBrown,@AlleenBrown,,https://twitter.com/altUSEPA/status/840590385726476292,0.108682899,0.119691869,0.109528587,0.124429271,0.161127396,0.106245684,0.168069582,0.102224712,Alt,https://interc.pt/2mdmjCb,https://theintercept.com/2017/03/11/rogue-twitter-accounts-fight-to-preserve-the-voice-of-government-science/
3773,altUSEPA,,,434,3/9/2017,179,159,EPA Chief Scott Pruitt Just Said Carbon Dioxide Doesn't Drive Climate Change ? via @IFLScience:http://www.iflscience.com/environment/epa-chief-scott-pruitt-just-said-carbon-dioxide-doesnt-drive-climate-change/ …,@IFLScience,#,https://twitter.com/altUSEPA/status/839988487797465088,0.155343876,0.124836755,0.169631022,0.094247301,0.095057738,0.127414834,0.124661456,0.108807017,Alt,http://www.iflscience.com/environment/epa-chief-scott-pruitt-just-said-carbon-dioxide-doesnt-drive-climate-change/,http://www.iflscience.com/environment/epa-chief-scott-pruitt-just-said-carbon-dioxide-doesnt-drive-climate-change/
3776,altUSEPA,altUSEPA,,434,3/9/2017,145,137,And a second opinion from Wired along the same lines. https://www.wired.com/2017/03/politics-gaslighting-environmental-science/ …,,,https://twitter.com/altUSEPA/status/839973626182955008,0.093669953,0.169894111,0.114007437,0.098310747,0.131842793,0.1250938,0.158037584,0.109143575,Alt,https://www.wired.com/2017/03/politics-gaslighting-environmental-science/,https://www.wired.com/2017/03/politics-gaslighting-environmental-science/
3912,altUSEPA,Claymation138,,416,2/19/2017,0,6,that's because you're adept at reading. It's a parody of the questions asked on the media survey. https://www.wired.com/2017/02/trump-made-media-survey-thats-rant-science/ …,,,https://twitter.com/altUSEPA/status/833182370727653378,0.102741667,0.276380577,0.099950597,0.142619874,0.092874804,0.117188846,0.115960181,0.052283456,Alt,https://www.wired.com/2017/02/trump-made-media-survey-thats-rant-science/,https://www.wired.com/2017/02/trump-made-media-survey-thats-rant-science/
3913,altUSEPA,,,415,2/18/2017,143,509,PARODY Explanation: Media survey was horribly written. We tried to incorporate the horror using Trumpish language. https://www.wired.com/2017/02/trump-made-media-survey-thats-rant-science/ …,,,https://twitter.com/altUSEPA/status/833178932962803713,0.100913459,0.211480441,0.116250198,0.117466862,0.108968703,0.100232254,0.129602866,0.115085218,Alt,https://www.wired.com/2017/02/trump-made-media-survey-thats-rant-science/,https://www.wired.com/2017/02/trump-made-media-survey-thats-rant-science/
3914,altUSEPA,TrumpUriNation,,415,2/18/2017,0,1,We regret that this is the weak case. Lame. very sad https://www.wired.com/2017/02/trump-made-media-survey-thats-rant-science/ …,,,https://twitter.com/altUSEPA/status/833175899168239616,0.090592503,0.128997032,0.122821567,0.127108145,0.135885972,0.100234928,0.159668899,0.134690953,Alt,https://www.wired.com/2017/02/trump-made-media-survey-thats-rant-science/,https://www.wired.com/2017/02/trump-made-media-survey-thats-rant-science/
3915,altUSEPA,eXAKR,,415,2/18/2017,0,1,it's a parody of the questions asked in the media survey https://www.wired.com/2017/02/trump-made-media-survey-thats-rant-science/ …,,,https://twitter.com/altUSEPA/status/833175674957471745,0.086881858,0.429557235,0.071196791,0.126364137,0.092232429,0.07611436,0.057494505,0.060158687,Alt,https://www.wired.com/2017/02/trump-made-media-survey-thats-rant-science/,https://www.wired.com/2017/02/trump-made-media-survey-thats-rant-science/
3916,altUSEPA,erin_craver,,415,2/18/2017,0,1,Parody of the questions from yesterday's media survey. If you think this was bad you didn't read those https://www.wired.com/2017/02/trump-made-media-survey-thats-rant-science/ …,,,https://twitter.com/altUSEPA/status/833174980200374273,0.112140571,0.26887521,0.074304069,0.121387052,0.096523953,0.122462067,0.128540479,0.075766599,Alt,https://www.wired.com/2017/02/trump-made-media-survey-thats-rant-science/,https://www.wired.com/2017/02/trump-made-media-survey-thats-rant-science/
3917,altUSEPA,kmdbbc1031,,415,2/18/2017,0,3,"By design because it was a parody of Trump's media survey"" from yesterday that was truly horrible. https://www.wired.com/2017/02/trump-made-media-survey-thats-rant-science/ …"" ",,,https://twitter.com/altUSEPA/status/833174316070076417,0.076943177,0.228877736,0.083014597,0.104548257,0.11950604,0.099686728,0.198439941,0.088983523,Alt,https://www.wired.com/2017/02/trump-made-media-survey-thats-rant-science/,https://www.wired.com/2017/02/trump-made-media-survey-thats-rant-science/
3918,altUSEPA,paigecloirk,,415,2/18/2017,0,3,Trumpish parody of the media survey questions that were just as horribly written https://www.wired.com/2017/02/trump-made-media-survey-thats-rant-science/ …,,,https://twitter.com/altUSEPA/status/833174008485052416,0.061957263,0.278445003,0.125807536,0.139378694,0.077950628,0.084189984,0.077265421,0.155005472,Alt,https://www.wired.com/2017/02/trump-made-media-survey-thats-rant-science/,https://www.wired.com/2017/02/trump-made-media-survey-thats-rant-science/
3919,altUSEPA,StephenWantland,,415,2/18/2017,0,4,parody https://www.wired.com/2017/02/trump-made-media-survey-thats-rant-science/ …,,,https://twitter.com/altUSEPA/status/833173822819930112,0.024040366,0.709325125,0.049029418,0.089836743,0.051261585,0.037288031,0.026873289,0.012345446,Alt,https://www.wired.com/2017/02/trump-made-media-survey-thats-rant-science/,https://www.wired.com/2017/02/trump-made-media-survey-thats-rant-science/
3920,altUSEPA,altUSEPA,,415,2/18/2017,48,190,"This survey question is a parody of yesterday's fake media"" survey. https://www.wired.com/2017/02/trump-made-media-survey-thats-rant-science/ …"" ",,,https://twitter.com/altUSEPA/status/833173669203628034,0.085106457,0.277285588,0.128311309,0.1494219,0.126320112,0.080236038,0.074218733,0.079099863,Alt,https://www.wired.com/2017/02/trump-made-media-survey-thats-rant-science/,https://www.wired.com/2017/02/trump-made-media-survey-thats-rant-science/
3921,altUSEPA,jaellehanako,,415,2/18/2017,0,0,sorry about the headache. We were going for parody. The survey would've made you sick for weeks https://www.wired.com/2017/02/trump-made-media-survey-thats-rant-science/ …,,,https://twitter.com/altUSEPA/status/833168473081671689,0.098274931,0.243442328,0.105437771,0.111823968,0.108019538,0.118142754,0.142736561,0.072122149,Alt,https://www.wired.com/2017/02/trump-made-media-survey-thats-rant-science/,https://www.wired.com/2017/02/trump-made-media-survey-thats-rant-science/
3922,altUSEPA,Guevara7Guevara,,415,2/18/2017,0,2,"Thank you. We're going for a there are no wrong answers"" sort of parody. https://www.wired.com/2017/02/trump-made-media-survey-thats-rant-science/ …"" ",,,https://twitter.com/altUSEPA/status/833168125197684737,0.051625396,0.275306117,0.104414926,0.127286012,0.110336007,0.097232335,0.140167078,0.09363213,Alt,https://www.wired.com/2017/02/trump-made-media-survey-thats-rant-science/,https://www.wired.com/2017/02/trump-made-media-survey-thats-rant-science/
3923,altUSEPA,sampson_elaine,,415,2/18/2017,0,1,it's a parody https://www.wired.com/2017/02/trump-made-media-survey-thats-rant-science/ …,,,https://twitter.com/altUSEPA/status/833167181126959104,0.024040366,0.709325125,0.049029418,0.089836743,0.051261585,0.037288031,0.026873289,0.012345446,Alt,https://www.wired.com/2017/02/trump-made-media-survey-thats-rant-science/,https://www.wired.com/2017/02/trump-made-media-survey-thats-rant-science/
3924,altUSEPA,KayJulia1,,415,2/18/2017,0,1,Thank you. We worked hard to get the Trumpese just right. It's a parody. https://www.wired.com/2017/02/trump-made-media-survey-thats-rant-science/ …,,,https://twitter.com/altUSEPA/status/833164289041117185,0.074080547,0.267108029,0.092312211,0.109567268,0.113633285,0.108024977,0.148399042,0.086874641,Alt,https://www.wired.com/2017/02/trump-made-media-survey-thats-rant-science/,https://www.wired.com/2017/02/trump-made-media-survey-thats-rant-science/
3925,altUSEPA,Mea_Glitch,,415,2/18/2017,0,0,Why yes the parody word salad comes with a wired side https://www.wired.com/2017/02/trump-made-media-survey-thats-rant-science/ …,,,https://twitter.com/altUSEPA/status/833163799725215744,0.111516754,0.248532721,0.095579495,0.091932248,0.106487994,0.108295668,0.166596,0.071059121,Alt,https://www.wired.com/2017/02/trump-made-media-survey-thats-rant-science/,https://www.wired.com/2017/02/trump-made-media-survey-thats-rant-science/
3926,altUSEPA,netters923,,415,2/18/2017,0,2,"It's a parody. And he might've said big league"" but the meme has become ""bigly."" https://www.wired.com/2017/02/trump-made-media-survey-thats-rant-science/ …"" ",,,https://twitter.com/altUSEPA/status/833162931835633664,0.078674915,0.319659127,0.092547462,0.118416352,0.106999057,0.104204875,0.099943713,0.079554499,Alt,https://www.wired.com/2017/02/trump-made-media-survey-thats-rant-science/,https://www.wired.com/2017/02/trump-made-media-survey-thats-rant-science/
3927,altUSEPA,justhanginhere1,,415,2/18/2017,0,0,"It's a parody. The problem"" is that you can read competently. https://www.wired.com/2017/02/trump-made-media-survey-thats-rant-science/ …"" ",,,https://twitter.com/altUSEPA/status/833162202551050240,0.113446969,0.321160966,0.073761653,0.09581299,0.124086942,0.111694907,0.10145926,0.058576314,Alt,https://www.wired.com/2017/02/trump-made-media-survey-thats-rant-science/,https://www.wired.com/2017/02/trump-made-media-survey-thats-rant-science/
3928,altUSEPA,Remotenews,,415,2/18/2017,1,1,parody https://www.wired.com/2017/02/trump-made-media-survey-thats-rant-science/ …,,,https://twitter.com/altUSEPA/status/833161796185894912,0.024040366,0.709325125,0.049029418,0.089836743,0.051261585,0.037288031,0.026873289,0.012345446,Alt,https://www.wired.com/2017/02/trump-made-media-survey-thats-rant-science/,https://www.wired.com/2017/02/trump-made-media-survey-thats-rant-science/
3929,altUSEPA,DoubleE46,,415,2/18/2017,1,2,it's a parody. We're glad to hear that you didn't understand it. :D https://www.wired.com/2017/02/trump-made-media-survey-thats-rant-science/ …,,,https://twitter.com/altUSEPA/status/833161662966460416,0.084723119,0.276455808,0.098874234,0.119931947,0.097411612,0.095316217,0.136495337,0.090791727,Alt,https://www.wired.com/2017/02/trump-made-media-survey-thats-rant-science/,https://www.wired.com/2017/02/trump-made-media-survey-thats-rant-science/
3930,altUSEPA,cmandera,,415,2/18/2017,0,0,It's a parody of yesterday's survey questions. https://www.wired.com/2017/02/trump-made-media-survey-thats-rant-science/ …,,,https://twitter.com/altUSEPA/status/833156737117147136,0.086881858,0.429557235,0.071196791,0.126364137,0.092232429,0.07611436,0.057494505,0.060158687,Alt,https://www.wired.com/2017/02/trump-made-media-survey-thats-rant-science/,https://www.wired.com/2017/02/trump-made-media-survey-thats-rant-science/
3931,altUSEPA,TwitWhatter,,415,2/18/2017,0,0,Thank you. We worked hard at accomplishing that. :D https://www.wired.com/2017/02/trump-made-media-survey-thats-rant-science/ …,,,https://twitter.com/altUSEPA/status/833156556288057344,0.077835796,0.11579209,0.085728026,0.116747517,0.14666144,0.133458841,0.209780367,0.113995923,Alt,https://www.wired.com/2017/02/trump-made-media-survey-thats-rant-science/,https://www.wired.com/2017/02/trump-made-media-survey-thats-rant-science/
3932,altUSEPA,Leezhka,,415,2/18/2017,0,4,Good question. Can we call it Trumplish? (Hint: It's a parody) https://www.wired.com/2017/02/trump-made-media-survey-thats-rant-science/ …,,,https://twitter.com/altUSEPA/status/833154897075896320,0.086559037,0.237448074,0.113497091,0.119974164,0.120839552,0.10431132,0.128218324,0.089152437,Alt,https://www.wired.com/2017/02/trump-made-media-survey-thats-rant-science/,https://www.wired.com/2017/02/trump-made-media-survey-thats-rant-science/
3933,altUSEPA,altUSEPA,,415,2/18/2017,75,412,Yes this is a parody of the questions asked on Trump's anti-media survey. It's completely deliberate. https://www.wired.com/2017/02/trump-made-media-survey-thats-rant-science/ …,,,https://twitter.com/altUSEPA/status/833153397083795456,0.095422512,0.249500726,0.122738027,0.133932032,0.097772731,0.098139192,0.11236526,0.090129521,Alt,https://www.wired.com/2017/02/trump-made-media-survey-thats-rant-science/,https://www.wired.com/2017/02/trump-made-media-survey-thats-rant-science/
3934,altUSEPA,5_by_26,,415,2/18/2017,0,7,It's a parody question on Trump's anti-media survey https://www.wired.com/2017/02/trump-made-media-survey-thats-rant-science/ …,,,https://twitter.com/altUSEPA/status/833151190187778050,0.083198537,0.327880802,0.113322005,0.146734548,0.105846424,0.082618341,0.071901149,0.068498195,Alt,https://www.wired.com/2017/02/trump-made-media-survey-thats-rant-science/,https://www.wired.com/2017/02/trump-made-media-survey-thats-rant-science/
3935,altUSEPA,Weekly_Weeder,,415,2/18/2017,1,28,Perfect! Thanks for the kudos and feedback. We tried to sound like Mr. Trump. https://www.wired.com/2017/02/trump-made-media-survey-thats-rant-science/ …,,,https://twitter.com/altUSEPA/status/833150272692244480,0.072475421,0.197177581,0.087412441,0.116158241,0.153124001,0.13967345,0.145057087,0.088921778,Alt,https://www.wired.com/2017/02/trump-made-media-survey-thats-rant-science/,https://www.wired.com/2017/02/trump-made-media-survey-thats-rant-science/
3808,altUSEPA,,,433,3/8/2017,391,782,We salute scientists every day. And today we recognize the challenges that many women faced and continue to face.http://www.smithsonianmag.com/science-nature/ten-historic-female-scientists-you-should-know-84028788/ …,,,https://twitter.com/altUSEPA/status/839569941858693120,0.075226307,0.125542283,0.109599136,0.126932628,0.138084318,0.124625428,0.163438599,0.136551302,Alt,http://www.smithsonianmag.com/science-nature/ten-historic-female-scientists-you-should-know-84028788/,http://www.smithsonianmag.com/science-nature/ten-historic-female-scientists-you-should-know-84028788/
3879,altUSEPA,,,420,2/23/2017,32,48,Academic decoding of Pruitt's address to @EPA. Challenging UX but thoughtful composition. Thx @EnviroDGI https://envirodatagov.org/scott-pruitts-first-address-epa-annotated-edgi/ …,@EPA @EnviroDGIhttps,,https://twitter.com/altUSEPA/status/834937902127853571,0.086958731,0.109424304,0.159994035,0.117839993,0.150325323,0.129579601,0.177785064,0.068092949,Alt,https://envirodatagov.org/scott-pruitts-first-address-epa-annotated-edgi/,https://envirodatagov.org/scott-pruitts-first-address-epa-annotated-edgi/
4023,altUSEPA,,,401,2/4/2017,311,240,"images reveal a 1-metre hole underneath the pressure vessel - which could indicate that nuclear fuel had melted""http://www.sciencealert.com/radiation-levels-in-the-fukushima-reactor-have-started-unexpectedly-climbing …"" ",,,https://twitter.com/altUSEPA/status/827984880831078400,0.156752078,0.120950392,0.144271562,0.113027357,0.136311231,0.099214485,0.10276847,0.126704425,Alt,http://www.sciencealert.com/radiation-levels-in-the-fukushima-reactor-have-started-unexpectedly-climbing,http://www.sciencealert.com/radiation-levels-in-the-fukushima-reactor-have-started-unexpectedly-climbing
4044,altUSEPA,AltHVNP,,398,2/1/2017,7,28,Volcanos can moderate climate change a bit. Understanding volcanic activity informs climate science https://scied.ucar.edu/shortcontent/how-volcanoes-influence-climate …,,,https://twitter.com/altUSEPA/status/826675696927797248,0.218800322,0.119487862,0.080484325,0.102349391,0.108281299,0.108043722,0.158357385,0.104195693,Alt,https://scied.ucar.edu/shortcontent/how-volcanoes-influence-climate,https://scied.ucar.edu/shortcontent/how-volcanoes-influence-climate
2502,USFWS,,,76,3/16/2016,121,168,Species Success Stories: 10 Animals Back from the Brink || http://bit.ly/1Rn2JuL pic.twitter.com/OijWkM7Y0l,,,https://twitter.com/USFWS/status/710191388785315841,0.13780235,0.134197304,0.108944727,0.090453897,0.102166483,0.134537457,0.142137543,0.14976024,Off,http://bit.ly/1Rn2JuL,http://www.livescience.com/54010-species-success-stories.html
4053,altUSEPA,altNOAA,,397,1/31/2017,17,69,And then there's the landing during a microburst risk event.http://www.livescience.com/55912-microbursts.html …,,,https://twitter.com/altUSEPA/status/826340452060192769,0.229620159,0.134529909,0.105475482,0.096299645,0.059875394,0.101242526,0.105705901,0.167250984,Alt,http://www.livescience.com/55912-microbursts.html,http://www.livescience.com/55912-microbursts.html
4079,altUSEPA,,,395,1/29/2017,81,196,The Nature Conservancy’s Science Article Database. >2 000 peer-reviewed articles authored by Conservancy scientists. http://conservationgateway.org/Pages/default.aspx …,,,https://twitter.com/altUSEPA/status/825763109818163200,0.156291359,0.109522913,0.100110769,0.067572559,0.115302506,0.1234001,0.213727187,0.114072606,Alt,http://conservationgateway.org/Pages/default.aspx,http://conservationgateway.org/Pages/default.aspx
3744,altUSEPA,,,437,3/12/2017,35,98,Upcoming events that promote and celebrate clean water in New York. https://www.riverkeeper.org/news-events/events/other-events/ …,,,https://twitter.com/altUSEPA/status/841110628387381248,0.091744535,0.136932485,0.096049419,0.102888071,0.137279977,0.154365665,0.150758939,0.129980909,Alt,https://www.riverkeeper.org/news-events/events/other-events/,https://www.riverkeeper.org/news-events/events/other-events/
4182,AltForestServ,,,391,1/25/2017,167,581,"Brush up on our history and where it all started! The greatest good for the greatest number in the long run."" http://www.foresthistory.org/ASPNET/People/Pinchot/Pinchot.aspx …"" ",,,https://twitter.com/AltForestServ/status/824463071011680256,0.080794836,0.130063632,0.076426179,0.105309682,0.189826356,0.1380419,0.140059886,0.139477528,Alt,http://www.foresthistory.org/ASPNET/People/Pinchot/Pinchot.aspx,http://www.foresthistory.org/ASPNET/People/Pinchot/Pinchot.aspx
58,NOAA,,NA,442,3/17/2017,62,58,Today: @NOAASatellites scientist talks about satellites & the new GOES-16 on @NPR's 'Science Friday' @scifri : https://www.sciencefriday.com/segments/do-weather-instruments-need-a-robot-repairman … pic.twitter.com/GvTNvBtF1f,@NOAASatellites @NPR @scifri,,https://twitter.com/NOAA/status/842734489642156032,0.133100462,0.155990796,0.074044769,0.093333885,0.106295743,0.160815503,0.163943217,0.112475626,Off,https://www.sciencefriday.com/segments/do-weather-instruments-need-a-robot-repairman,https://www.sciencefriday.com/segments/do-weather-instruments-need-a-robot-repairman/
419,NatlParkService,,,146,5/25/2016,39,55,. @SavingPlaces is awarding $2m in grants--decided by your votes--to historic sites in parks http://bit.ly/1TWXLq5 FindYourPark,@SavingPlaces,#FindYourPark,https://twitter.com/NatlParkService/status/735533232645640193,0.067251697,0.117413987,0.068262854,0.125403785,0.113006658,0.221081358,0.134732025,0.152847637,Off,http://bit.ly/1TWXLq5,https://savingplaces.org/partners-in-preservation-national-parks
2267,USFWS,,,202,7/20/2016,110,160,Q&A with 98 year old who first banded Wisdom -- the world's oldest banded wild bird: http://bit.ly/2a9JfxS pic.twitter.com/Vt7hTn5X3C,,,https://twitter.com/USFWS/status/755788978628984832,0.180121326,0.100238574,0.088134489,0.112396041,0.116814038,0.115983231,0.184446451,0.101865849,Off,http://bit.ly/2a9JfxS,https://www.allaboutbirds.org/qa-chan-robbins-talks-about-wisdom-the-worlds-oldest-banded-bird/
2539,USFWS,goodzain_,,55,2/24/2016,7,5,@evilzain_ here's more info: https://www.allaboutbirds.org/bird-cams-faq-california-condor-nest/ Tagging-description- …,@evilzain_,#Tagging,https://twitter.com/USFWS/status/702605385895645184,0.124681523,0.10955456,0.158924455,0.149415052,0.089887548,0.097275834,0.170890144,0.099370884,Off,https://www.allaboutbirds.org/bird-cams-faq-california-condor-nest/,https://www.allaboutbirds.org/bird-cams-faq-california-condor-nest/
2564,USFWS,,,46,2/15/2016,153,230,Our nomination for Song of the Year goes to the Western meadowlark. Take a listen: http://bit.ly/215tJpS GRAMMYs pic.twitter.com/c2HDJEfsne,,#GRAMMYspic,https://twitter.com/USFWS/status/699385989005967361,0.10455062,0.14512921,0.084813158,0.136227756,0.116388581,0.161981051,0.145066095,0.105843529,Off,http://bit.ly/215tJpS,https://www.allaboutbirds.org/guide/Western_Meadowlark/sounds
2616,USFWS,,,22,1/22/2016,257,241,Mesmerizing animated migration map shows 118 species move across the Americas: http://bit.ly/1PH116V @CornellBirds pic.twitter.com/g0GgLaksRe,@CornellBirdspic,,https://twitter.com/USFWS/status/690546064709947392,0.104077278,0.144321104,0.108537518,0.10053599,0.109357438,0.170794916,0.142972428,0.119403328,Off,http://bit.ly/1PH116V,https://www.allaboutbirds.org/mesmerizing-migration-watch-118-bird-species-migrate-across-a-map-of-the-western-hemisphere/
557,USDA,,NA,391,1/25/2017,14,37,RT @UWSystem: Professor from @uwplatteville receives @USDA grant to help cultivate an unlikely crop in WI. https://www.uwplatt.edu/news/grant-help-establish-local-niche-baby-ginger …,@UWSystem @uwplatteville @USDA,,https://twitter.com/USDA/status/824300398349586438,0.149825681,0.118636869,0.092408878,0.097046588,0.123683053,0.127743508,0.161564514,0.129090908,Off,https://www.uwplatt.edu/news/grant-help-establish-local-niche-baby-ginger,https://www.uwplatt.edu/news/grant-help-establish-local-niche-baby-ginger
780,USDA,,NA,169,6/17/2016,34,55,We've distributed $25M in school kitchen equipment grants across the U.S. Find your state! http://pew.org/1qMjoSn pic.twitter.com/dueU7wYUuV,,,https://twitter.com/USDA/status/743865828492226561,0.134159383,0.122968179,0.125154452,0.093525102,0.101422308,0.120801722,0.178927454,0.1230414,Off,http://pew.org/1qMjoSn,http://www.pewtrusts.org/en/multimedia/data-visualizations/2016/usda-school-kitchen-equipment-grants
838,USDA,,NA,125,5/4/2016,28,28,We've strengthened nutrition standards for the Child & Adult Care Food Program. What you should know frm @Pewtrustshttp://pew.org/26KQXoU ,@Pewtrustshttp,,https://twitter.com/USDA/status/727972940290117634,0.110218166,0.153427219,0.073327152,0.105115748,0.115989147,0.119568495,0.177444998,0.144909074,Off,http://pew.org/26KQXoU,http://www.pewtrusts.org/en/research-and-analysis/fact-sheets/2016/05/changes-to-the-usdas-child-and-adult-care-food-program-can-improve-childrens-health
1127,EPA,,NA,252,9/8/2016,16,14,Tomorrow at CECMerida @GinaEPA will discuss cooperation with her counterparts @RafaelPacchiano+ @ec_minister: http://www.cec.org/webcast ,@GinaEPA @RafaelPacchiano @ec_minister,#CECMerida,https://twitter.com/EPA/status/773938989376176128,0.110472794,0.111597524,0.109505042,0.136458652,0.206353424,0.1177474,0.12498646,0.082878705,Off,http://www.cec.org/webcast,http://www.cec.org/sites/default/webcast/?lang=en
1149,EPA,,NA,232,8/19/2016,26,23,The air you breathe is important. Check your local Air Quality Index to help you stay healthy. http://www.enviroflash.info/ ,,,https://twitter.com/EPA/status/766700158079959040,0.096616837,0.120950139,0.102210322,0.118538392,0.103938348,0.146611404,0.17111241,0.140022148,Off,http://www.enviroflash.info/,http://www.enviroflash.info/
1398,forestservice,,NA,411,2/14/2017,84,147,Instead of flowers have a tree planted in your loved one’s name for a small donation this valentines day. https://www.nationalforests.org/get-involved/tree-planting-programs … pic.twitter.com/EvjeE4YaCr,,#valentines,https://twitter.com/forestservice/status/831508642541219840,0.088476123,0.113182888,0.157557233,0.092341703,0.092946796,0.122258379,0.193933662,0.139303217,Off,https://www.nationalforests.org/get-involved/tree-planting-programs,https://www.nationalforests.org/get-involved/tree-planting-programs
1461,forestservice,,NA,332,11/27/2016,11,11, Holiday Gift Idea: Plant trees in someone's name through National Forest Foundation http://www.nationalforests.org/ ,,#Holiday,https://twitter.com/forestservice/status/802957852277030912,0.092040787,0.125291546,0.122212082,0.103575181,0.11959185,0.123133365,0.178785754,0.135369435,Off,http://www.nationalforests.org/,https://www.nationalforests.org/
1938,forestservice,,NA,41,2/10/2016,6,18, IAlwaysGetAnnoyedWhen people call us a Park instead of a Forest. Find out the differences here: http://bit.ly/1MJ2qdn ,,#IAlwaysGetAnnoyedWhen,https://twitter.com/forestservice/status/697483664670613504,0.101781353,0.138471331,0.137200845,0.132890914,0.092893564,0.109934983,0.146062189,0.140764821,Off,http://bit.ly/1MJ2qdn,https://www.nationalforests.org/blog/what-are-the-differences-between-national-parks-and-national-forests
1422,forestservice,,NA,358,12/23/2016,3,6,Use your national forest to do a bird count – a Christmas gift you want to “run afowl” http://bit.ly/1G7GhRX ,,,https://twitter.com/forestservice/status/812275370774794241,0.14951884,0.120687588,0.111106385,0.109740335,0.113979766,0.128176138,0.148770869,0.11802008,Off,http://bit.ly/1G7GhRX,http://www.audubon.org/conservation/science/christmas-bird-count
2118,USFWS,,,345,12/10/2016,63,94,Behind the Scenes With the World's Top Feather Detective http://bit.ly/2hnJxGT via @audubonsociety pic.twitter.com/Yy5gFfIIEh,@audubonsocietypic,,https://twitter.com/USFWS/status/807618385467076608,0.065971845,0.22520702,0.075300649,0.082372304,0.144446014,0.168408548,0.134180667,0.104112954,Off,http://bit.ly/2hnJxGT,http://www.audubon.org/magazine/winter-2016/behind-scenes-worlds-top-feather-detective
1443,forestservice,,NA,341,12/6/2016,10,13,Smokey Bear: Preventing Unwanted Human-Caused Wildfires for 72 Years http://stateforesters.org/news-events/blog/smokey-bear-preventing-unwanted-human-caused-wildfires-72-years … via @stateforesters,@stateforesters,,https://twitter.com/forestservice/status/806139131302580224,0.086877125,0.148856299,0.077045259,0.109615432,0.172701332,0.124694134,0.143727656,0.136482765,Off,http://stateforesters.org/news-events/blog/smokey-bear-preventing-unwanted-human-caused-wildfires-72-years,http://stateforesters.org/news-events/blog/smokey-bear-preventing-unwanted-human-caused-wildfires-72-years
1543,forestservice,,NA,301,10/27/2016,6,19,Do you believe in Dracula? Click here to watch REAL vampire bats with the VampCam! http://bit.ly/ZKfgVk BatWeek pic.twitter.com/0KgJLZukFE,,#BatWeekpic,https://twitter.com/forestservice/status/791762733721063424,0.063575481,0.225996372,0.065644179,0.100676619,0.153799691,0.1709995,0.137181616,0.082126541,Off,http://bit.ly/ZKfgVk,http://www.batconservation.org/about-us/animals/bats/common-vampire-bat
1545,forestservice,,NA,301,10/27/2016,10,8,Get batty with your students/kids during BatWeek. Here are a few webcasts: http://bit.ly/2dCfWIE ,,#BatWeek,https://twitter.com/forestservice/status/791610848351555584,0.054727785,0.135199651,0.077148711,0.10392421,0.126232492,0.19501863,0.208828225,0.098920297,Off,http://bit.ly/2dCfWIE,http://batweek.org/index.php/bat-squad-webcasts/get-involved-with-bat-squad
1548,forestservice,,NA,299,10/25/2016,45,47,It's BatWeek learn more here: http://www.batweek.org/ pic.twitter.com/IWWTsMp0Fg,,#BatWeek,https://twitter.com/forestservice/status/790970022537662464,0.073695268,0.128210602,0.074266963,0.103240828,0.101229758,0.121483876,0.30304612,0.094826586,Off,http://www.batweek.org/,http://www.batweek.org/
2162,USFWS,,,299,10/25/2016,157,111,White-nose syndrome has killed >6 million bats in 8 years: http://bit.ly/1jOXICx Help spread the word this BatWeek. pic.twitter.com/W3fL0UC913,,#BatWeek,https://twitter.com/USFWS/status/790912786859692032,0.186087766,0.124897588,0.091698057,0.078139165,0.127110536,0.104499104,0.168970289,0.118597495,Off,http://bit.ly/1jOXICx,http://www.batweek.org/index.php/about/about-bat-week
2164,USFWS,,,297,10/23/2016,258,367,Ready for BatWeek? Let's celebrate the role of bats in nature! http://www.batweek.org pic.twitter.com/pBkPGd1dkG,,#BatWeek,https://twitter.com/USFWS/status/790358418007715840,0.10459134,0.129410715,0.08391023,0.123360099,0.138435537,0.143533825,0.168021983,0.108736273,Off,http://www.batweek.org,http://www.batweek.org
1558,forestservice,,NA,294,10/20/2016,1,6,Forest Service is proud to support urban greening through NFWF’s Five Star & UrbanWaters Program. RFP in November! http://bit.ly/IEaLTK ,,#UrbanWaters,https://twitter.com/forestservice/status/789150483923496960,0.112611353,0.124008903,0.089028478,0.102606911,0.158425908,0.137958457,0.145199648,0.130160341,Off,http://bit.ly/IEaLTK,http://www.nfwf.org/fivestar/Pages/home.aspx
2231,USFWS,,,237,8/24/2016,74,133,Monarch conservation flying high with $3.3 million in wildlifegrants: http://bit.ly/2bfzvX6 pic.twitter.com/DKPprVv4Yh,,#wildlifegrants,https://twitter.com/USFWS/status/768476069297025026,0.084971583,0.140922326,0.082606676,0.07794872,0.156536976,0.187251861,0.149950377,0.119811481,Off,http://bit.ly/2bfzvX6,http://www.nfwf.org/whoweare/mediacenter/pr/Pages/monarch_16-0822.aspx
1593,forestservice,,NA,278,10/4/2016,7,8,How to Make Butterfly Gardens: http://bit.ly/1LXncYv ,,,https://twitter.com/forestservice/status/783358859746349056,0.10391674,0.108051177,0.092990322,0.101109149,0.161107143,0.126000976,0.17088679,0.135937703,Off,http://bit.ly/1LXncYv,http://www2.ca.uky.edu/entomology/entfacts/ef006.asp
1618,forestservice,,NA,265,9/21/2016,5,5,Find a NPLD volunteer opportunity or community event near you!http://bit.ly/29tBj9m ,,#NPLD,https://twitter.com/forestservice/status/778685335815331844,0.112003475,0.121518644,0.104704034,0.099294159,0.112026783,0.130148943,0.19696188,0.123342083,Off,http://bit.ly/29tBj9m,https://www.neefusa.org/public-lands-day
1628,forestservice,,NA,257,9/13/2016,7,15,Don't miss out! Participate in NPLD TODAY Find a site near you: https://www.neefusa.org/ pic.twitter.com/e1znthi55A,,#NPLD,https://twitter.com/forestservice/status/775775007452594178,0.115639376,0.125083475,0.11201128,0.102033636,0.123456851,0.13372897,0.146414497,0.141631916,Off,https://www.neefusa.org/,https://www.neefusa.org/
1647,forestservice,,NA,254,9/10/2016,17,20,Calling ALL Teachers Parents Scout Leaders. Encourage kids to volunteer on NPLD Sept 24 http://www.publiclandsday.org pic.twitter.com/abeAulQu5V,,#NPLD,https://twitter.com/forestservice/status/774608914713350146,0.081997111,0.114911424,0.120649266,0.117862439,0.102824379,0.141762676,0.193923787,0.126068918,Off,http://www.publiclandsday.org,https://www.neefusa.org/public-lands-day
1648,forestservice,,NA,253,9/9/2016,13,12,How can you help on National Public Lands Day? Volunteer! Bring a friend! NPLD http://www.publiclandsday.org @NEEFusa pic.twitter.com/AJqNN9J1sO,@NEEFusapic,#NPLD,https://twitter.com/forestservice/status/774272593566334976,0.09797907,0.11323711,0.125181631,0.122706555,0.117264487,0.117403083,0.160204481,0.146023583,Off,http://www.publiclandsday.org,https://www.neefusa.org/public-lands-day
1652,forestservice,,NA,250,9/6/2016,35,41,Never explored your local forest? Volunteer to care for YOUR public lands Sept 24 @ http://www.publiclandsday.org NPLD pic.twitter.com/4i7q6DzbZn,@,#NPLDpic,https://twitter.com/forestservice/status/773237820387307520,0.08101182,0.107033466,0.134480202,0.104764663,0.101105461,0.129885155,0.194453157,0.147266076,Off,http://www.publiclandsday.org,https://www.neefusa.org/public-lands-day
1632,forestservice,,NA,257,9/13/2016,9,6,Get students inspired to become scientists! Printable cards are a fun way to learn about science: http://bit.ly/1pCMkHQ ,,#scientists,https://twitter.com/forestservice/status/775696328726839296,0.063019973,0.26710746,0.063792174,0.112664936,0.09972648,0.131739075,0.193878107,0.068071797,Off,http://bit.ly/1pCMkHQ,http://www.naturalinquirer.org/scientists-v-92.html
1911,forestservice,,NA,61,3/1/2016,14,20,What exactly does an ecologist do? Find out here with our scientist Paulette Ford: http://bit.ly/1LG0aSI STEM pic.twitter.com/blcgd1Sg67,,#STEMpic,https://twitter.com/forestservice/status/704723081063825408,0.123602456,0.177644108,0.116322618,0.072201664,0.125738382,0.12276201,0.140110993,0.121617769,Off,http://bit.ly/1LG0aSI,http://www.naturalinquirer.org/Dr.-Paulette-Ford-scientist-49.html
59,NOAA,,NA,441,3/16/2017,27,26,AND: To access national drought data + state/region maps & stats see http://droughtmonitor.unl.edu . #DroughtMonitor pic.twitter.com/XFdhIYARxM,,#drought #DroughtMonitorpic,https://twitter.com/NOAA/status/842430511154884609,0.205157736,0.107813739,0.110662945,0.107596053,0.103812469,0.112330005,0.116587124,0.136039929,Off,http://droughtmonitor.unl.edu,http://droughtmonitor.unl.edu
69,NOAA,,NA,420,2/23/2017,28,36,MORE: To access national drought data + more state/region maps & stats see http://droughtmonitor.unl.edu #DroughtMonitor pic.twitter.com/xKzwfPU0w8,,#drought #DroughtMonitorpic,https://twitter.com/NOAA/status/834807892247248899,0.180974389,0.120319685,0.103490844,0.102605838,0.109105231,0.107885071,0.131766092,0.14385285,Off,http://droughtmonitor.unl.edu,http://droughtmonitor.unl.edu
122,NOAA,,NA,315,11/10/2016,40,36,To access national drought data + more state/region maps & stats see http://droughtmonitor.unl.edu #DroughtMonitor pic.twitter.com/W3RQ5SNrx8,,#drought #DroughtMonitorpic,https://twitter.com/NOAA/status/796732290974056453,0.205157736,0.107813739,0.110662945,0.107596053,0.103812469,0.112330005,0.116587124,0.136039929,Off,http://droughtmonitor.unl.edu,http://droughtmonitor.unl.edu
159,NOAA,,NA,259,9/15/2016,34,25,To access nat'l drought data + more state/region maps & stats see http://droughtmonitor.unl.edu #DroughtMonitor pic.twitter.com/8rEDAuYplT,,#drought #DroughtMonitorpic,https://twitter.com/NOAA/status/776424349800759296,0.221096165,0.112328819,0.091359432,0.098376851,0.109850885,0.109544775,0.125523112,0.131919961,Off,http://droughtmonitor.unl.edu,http://droughtmonitor.unl.edu
174,NOAA,,NA,238,8/25/2016,29,34,To access nat'l drought data + more state/region maps & stats see: http://droughtmonitor.unl.edu #DroughtMonitor pic.twitter.com/i6XXDJSuwi,,#drought #DroughtMonitorpic,https://twitter.com/NOAA/status/768810712504336384,0.221096165,0.112328819,0.091359432,0.098376851,0.109850885,0.109544775,0.125523112,0.131919961,Off,http://droughtmonitor.unl.edu,http://droughtmonitor.unl.edu
252,NOAA,,NA,119,4/28/2016,25,33,To access nat'l drought data + more state/region maps & stats pls see http://droughtmonitor.unl.edu #DroughtMonitor pic.twitter.com/XZxyae86mL,,#drought #DroughtMonitorpic,https://twitter.com/NOAA/status/725709445586669568,0.221096165,0.112328819,0.091359432,0.098376851,0.109850885,0.109544775,0.125523112,0.131919961,Off,http://droughtmonitor.unl.edu,http://droughtmonitor.unl.edu
271,NOAA,,NA,91,3/31/2016,31,25,To access national drought data + more state/region maps & stats pls see http://droughtmonitor.unl.edu #DroughtMonitor pic.twitter.com/ShSjS5Febn,,#drought #DroughtMonitorpic,https://twitter.com/NOAA/status/715537100666499072,0.205157736,0.107813739,0.110662945,0.107596053,0.103812469,0.112330005,0.116587124,0.136039929,Off,http://droughtmonitor.unl.edu,http://droughtmonitor.unl.edu
315,NOAA,,NA,7,1/7/2016,31,19,MORE: Access latest nat'l drought data + state/region maps & stats at http://droughtmonitor.unl.edu . #DroughtMonitor pic.twitter.com/A4zSVTZg6N,,#drought #DroughtMonitorpic,https://twitter.com/NOAA/status/685114383056388097,0.204951176,0.151783555,0.098729302,0.077674026,0.09266878,0.101853627,0.14290707,0.129432464,Off,http://droughtmonitor.unl.edu,http://droughtmonitor.unl.edu
1831,forestservice,,NA,115,4/24/2016,11,20,Working trees in communities help to conserve open space keepitgreen #agroforestry http://bit.ly/1YBNNi7 pic.twitter.com/GcnIC5i7HA,,#keepitgreen #agroforestry,https://twitter.com/forestservice/status/724357502675070977,0.094755091,0.154941882,0.093750774,0.11674385,0.1193952,0.169535318,0.151050594,0.09982729,Off,http://bit.ly/1YBNNi7,http://nac.unl.edu/documents/workingtrees/brochures/wtc.pdf
1848,forestservice,,NA,106,4/15/2016,20,29,Working trees in communities help to conserve open space keepitgreen #agroforestry http://bit.ly/1YBNNi7 pic.twitter.com/GcnIC5i7HA,,#keepitgreen #agroforestry,https://twitter.com/forestservice/status/721077034668199937,0.094755091,0.154941882,0.093750774,0.11674385,0.1193952,0.169535318,0.151050594,0.09982729,Off,http://bit.ly/1YBNNi7,http://nac.unl.edu/documents/workingtrees/brochures/wtc.pdf
1855,forestservice,,NA,104,4/13/2016,7,14,Working trees are part of how we conserve open space for wildlife and pollinators http://bit.ly/25BbAmU #keepitgreen #agroforestry,,#pollinators #keepitgreen #agroforestry,https://twitter.com/forestservice/status/720242956058365952,0.105486819,0.151994357,0.121822174,0.107580151,0.113895851,0.149461886,0.134815919,0.114942843,Off,http://bit.ly/25BbAmU,http://nac.unl.edu/Working_Trees/brochures.htm
1915,forestservice,,NA,59,2/28/2016,12,18,We helped plant windbreaks to protect farms & homesteads http://nac.unl.edu/ ourroots #agroforestry pic.twitter.com/PfoBBXQ7d7,,#ourroots #agroforestrypic,https://twitter.com/forestservice/status/703951617893265408,0.158403382,0.091106557,0.15636693,0.093558137,0.091920778,0.126820585,0.132565796,0.149257836,Off,http://nac.unl.edu/,https://nac.unl.edu/
1935,forestservice,,NA,41,2/10/2016,24,25,Why add edible and floral plants to riparian forest buffers? agroforestry #OurRoots http://bit.ly/1lICJlP pic.twitter.com/krdz8nQgXq,,#agroforestry #OurRoots,https://twitter.com/forestservice/status/697550747072905217,0.087943587,0.170146895,0.076789335,0.081334625,0.106827154,0.178632485,0.205346473,0.092979447,Off,http://bit.ly/1lICJlP,http://nac.unl.edu/documents/workingtrees/infosheets/WTInfoSheet-MultiFunctionalBuffer.pdf
1975,forestservice,,NA,15,1/15/2016,31,46,Why add edible and floral plants to riparian forest buffers? agroforestry #workingtrees http://bit.ly/1lICJlP pic.twitter.com/krdz8nQgXq,,#agroforestry #workingtrees,https://twitter.com/forestservice/status/688089156602458112,0.087943587,0.170146895,0.076789335,0.081334625,0.106827154,0.178632485,0.205346473,0.092979447,Off,http://bit.ly/1lICJlP,http://nac.unl.edu/documents/workingtrees/infosheets/WTInfoSheet-MultiFunctionalBuffer.pdf
1980,forestservice,,NA,14,1/14/2016,14,17,Do you like pawpaws persimmons & hazelnuts? Add them to your riparian forest buffer! http://bit.ly/1lICJlP pic.twitter.com/5CQa6xBJoo,,,https://twitter.com/forestservice/status/687718894056947714,0.132146784,0.124372619,0.113494107,0.10139654,0.064214783,0.15188178,0.168285433,0.144207954,Off,http://bit.ly/1lICJlP,http://nac.unl.edu/documents/workingtrees/infosheets/WTInfoSheet-MultiFunctionalBuffer.pdf
1984,forestservice,,NA,12,1/12/2016,20,13,Did you know agroforestry can help reduce the impacts of #climatechange? http://bit.ly/1SYlmbl pic.twitter.com/RruISjbyxl,,#agroforestry #climatechange,https://twitter.com/forestservice/status/687039237561151489,0.094971954,0.155499209,0.105583642,0.119275223,0.107675148,0.134649108,0.152096318,0.130249398,Off,http://bit.ly/1SYlmbl,http://nac.unl.edu/issues/climatechange.htm
1895,forestservice,,NA,70,3/10/2016,8,12,Be a friend to bats! BatsLive http://bit.ly/1kKrtC3 can help you help bats.,,,https://twitter.com/forestservice/status/708050306274336768,0.075267834,0.128946759,0.099847298,0.113667865,0.134879936,0.112999405,0.184412557,0.149978348,Off,http://bit.ly/1kKrtC3,http://batslive.pwnet.org/resource/get_involved.php
1929,forestservice,,NA,48,2/17/2016,7,14,Announcing the 2015 Photo Contest Winner! https://shar.es/148JDy via @sharethis,@sharethis,,https://twitter.com/forestservice/status/699951468615315457,0.075281444,0.137163752,0.089739182,0.138079458,0.160055458,0.159902278,0.141525627,0.098252802,Off,https://shar.es/148JDy,http://www.americanrivers.org/blog/announcing-the-2015-photo-contest-winner/#sthash.CNE9v8a7.uxfs
2019,USFWS,,,449,3/24/2017,61,116,The treacherous journey salamanders take to breed: https://usfwsnortheast.wordpress.com/2017/03/13/making-a-difference-in-the-salamander-movement/ … pic.twitter.com/wbQzO10PO8,,,https://twitter.com/USFWS/status/845266485786357761,0.075298025,0.109450746,0.111532945,0.128558423,0.074341762,0.154618198,0.234690767,0.111509133,Off,https://usfwsnortheast.wordpress.com/2017/03/13/making-a-difference-in-the-salamander-movement/,https://usfwsnortheast.wordpress.com/2017/03/13/making-a-difference-in-the-salamander-movement/
2202,USFWS,,,273,9/29/2016,33,53,Beach life is a matter of survival for the tiny Puritan tiger beetle: http://bit.ly/2degOQo pic.twitter.com/Cw6LzFUg0f,,,https://twitter.com/USFWS/status/781572806614089728,0.079302659,0.15018666,0.096404084,0.115117575,0.136569865,0.159477393,0.151121131,0.111820634,Off,http://bit.ly/2degOQo,https://usfwsnortheast.wordpress.com/2016/09/20/make-way-for-beetles/
2220,USFWS,,,250,9/6/2016,96,108,One tiny bird is an omen for how devastating ocean acidification can be: http://bit.ly/2bN6wq6 WorldShorebirdsDay pic.twitter.com/VfFfB3HGUh,,#WorldShorebirdsDaypic,https://twitter.com/USFWS/status/773209153338744832,0.268464021,0.088520251,0.096761328,0.057201662,0.087054424,0.11451745,0.131214642,0.156266222,Off,http://bit.ly/2bN6wq6,https://usfwsnortheast.wordpress.com/2016/08/22/red-knots-battle-climate-change-on-both-ends-of-the-earth/
2257,USFWS,,,208,7/26/2016,127,239,Endangered plover population has doubled along the Atlantic Coast! Full story: http://bit.ly/2a8AO9S pic.twitter.com/1D99hEUJfI,,,https://twitter.com/USFWS/status/757946566586077184,0.101853966,0.095540444,0.119728373,0.096648831,0.101636543,0.14038858,0.120677609,0.223525654,Off,http://bit.ly/2a8AO9S,https://usfwsnortheast.wordpress.com/2016/07/25/its-a-good-year-for-plovers-in-holgate-nj/
2286,USFWS,,,184,7/2/2016,114,213,An old landfill transformed into habitat for pollinators: http://bit.ly/298epZG pic.twitter.com/xHFoOm8Qst,,,https://twitter.com/USFWS/status/749259861725065216,0.034801196,0.127138803,0.097305039,0.057709376,0.152421061,0.118936117,0.295818619,0.11586979,Off,http://bit.ly/298epZG,https://usfwsnortheast.wordpress.com/2016/06/23/abandoned-landfills-and-private-landowners-provide-hope-for-pollinators/
2323,USFWS,,,162,6/10/2016,130,165,How to minimize your impact on breeding shorebirds at the beach: http://bit.ly/1Ur4Cs2 pic.twitter.com/MNIjp8QVzf,,,https://twitter.com/USFWS/status/741429749671546881,0.122670101,0.102483653,0.092800992,0.145097581,0.073657903,0.13319392,0.220875559,0.109220293,Off,http://bit.ly/1Ur4Cs2,https://usfwsnortheast.wordpress.com/2016/06/07/backyard-birding-sharing-the-beach-with-shorebirds/
2372,USFWS,,,130,5/9/2016,77,145,Tips for backyard birding this spring season: http://bit.ly/21OXzPi pic.twitter.com/mo2YJPsDBr,,,https://twitter.com/USFWS/status/729726134519091202,0.14239717,0.110238064,0.092305568,0.11809334,0.128319332,0.133783667,0.151128131,0.123734728,Off,http://bit.ly/21OXzPi,https://usfwsnortheast.wordpress.com/2016/05/09/backyard-birding-may-is-the-best-time-to-be-a-birder/
2417,USFWS,,,112,4/21/2016,73,113,Making sure there are snacks to fuel migratory shorebirds along the Delaware Bay: http://bit.ly/1SxLuh7 pic.twitter.com/dJA2t413E5,,,https://twitter.com/USFWS/status/723154209097420800,0.217928924,0.106086285,0.07856233,0.060369862,0.079676576,0.160141682,0.132319335,0.164915006,Off,http://bit.ly/1SxLuh7,https://usfwsnortheast.wordpress.com/2016/04/07/saving-the-horseshoe-crabs-for-the-birds/
2440,USFWS,,,102,4/11/2016,115,186,ICYMI: Canada lynx caught on camera at a Vermont WildlifeRefuge: http://bit.ly/23ynWdN pic.twitter.com/uUnUFY5RIR,,#WildlifeRefuge,https://twitter.com/USFWS/status/719605131537444864,0.155675219,0.128714515,0.053603414,0.126382958,0.195774647,0.117192746,0.152050154,0.070606348,Off,http://bit.ly/23ynWdN,https://usfwsnortheast.wordpress.com/2013/04/04/canada-lynx-caught-on-video-at-vermont-refuge/
2495,USFWS,,,78,3/18/2016,79,172,Piping plovers found wintering in the Turks & Caicos. They're smart birds. http://bit.ly/1SYexJk fridayreads pic.twitter.com/DOBTtW22ru,,#fridayreadspic,https://twitter.com/USFWS/status/710842522596200449,0.029245845,0.314043117,0.042670621,0.070062755,0.163980291,0.186976506,0.132992422,0.060028444,Off,http://bit.ly/1SYexJk,https://usfwsnortheast.wordpress.com/2016/03/09/the-search-is-on-for-piping-plovers/
2544,USFWS,,,55,2/24/2016,181,241,Brunswick the snowy owl has a fancy new GPS monitor & now you can track her adventures: http://bit.ly/1KKH2T7 pic.twitter.com/Vq4OkdLaDU,,,https://twitter.com/USFWS/status/702529546197848064,0.155177811,0.148005999,0.071867166,0.071200044,0.096189336,0.164493074,0.193590756,0.099475813,Off,http://bit.ly/1KKH2T7,https://usfwsnortheast.wordpress.com/2016/01/29/whoooo-are-you-looking-at/
2606,USFWS,,,29,1/29/2016,174,280,Brunswick the snowy owl has a fancy new GPS monitor & now you can track her adventures: http://bit.ly/1KKH2T7 pic.twitter.com/EGQcZMbD0l,,,https://twitter.com/USFWS/status/693139447865565186,0.155177811,0.148005999,0.071867166,0.071200044,0.096189336,0.164493074,0.193590756,0.099475813,Off,http://bit.ly/1KKH2T7,https://usfwsnortheast.wordpress.com/2016/01/29/whoooo-are-you-looking-at/
2060,USFWS,,,402,2/5/2017,87,219,The black spot piranha glistens like Lady Gaga. Photo by Princess of Wales Conservatory. HalfTimeShow #bornthisway http://www.whatsthatfish.com/fish/black-spot-piranha/2585 … pic.twitter.com/sgqUBPBm2x,,#HalfTimeShow #bornthisway,https://twitter.com/USFWS/status/828415655871410176,0.076917284,0.141364816,0.058240842,0.101578282,0.139795765,0.22723201,0.08050464,0.174366361,Off,http://www.whatsthatfish.com/fish/black-spot-piranha/2585,http://www.whatsthatfish.com/fish/black-spot-piranha/2585
2133,USFWS,,,333,11/28/2016,56,79,Want to help manatees? Know where they are: http://bit.ly/2gCB8wn and be aware when boating or swimming. ManateeAwarenessMonth pic.twitter.com/81nAS5cm7o,,#ManateeAwarenessMonthpic,https://twitter.com/USFWS/status/803318974847000581,0.06751769,0.247619643,0.072704671,0.104760048,0.108917411,0.141945557,0.159130806,0.097404174,Off,http://bit.ly/2gCB8wn,http://myfwc.com/education/wildlife/manatee/where-to-see/
2334,USFWS,,,153,6/1/2016,108,207,2-year old Florida panther released back into the wild: http://bit.ly/1WYBcr7 pic.twitter.com/nn20kcYwUs,,,https://twitter.com/USFWS/status/738016101343318016,0.084588426,0.155023117,0.086432463,0.066229062,0.210154466,0.131178263,0.159076069,0.107318134,Off,http://bit.ly/1WYBcr7,http://myfwc.com/news/news-releases/2016/may/27/panther-release/
2270,USFWS,,,201,7/19/2016,59,88,You'll never see them sweat! How birds stay cool: http://bit.ly/29RbLIb hottestdayoftheyear pic.twitter.com/sh5fkthITv,,#hottestdayoftheyearpic,https://twitter.com/USFWS/status/755408052380176384,0.087494139,0.160790501,0.082086317,0.106338587,0.121941811,0.134981378,0.190968986,0.115398283,Off,http://bit.ly/29RbLIb,http://birdnote.org/show/how-birds-stay-cool
888,USDA,,NA,90,3/30/2016,57,46,A new way to help YOU plant for pollinators from @PeoplesGarden @Pollinators ? http://www.pollinator.org/windowbox pic.twitter.com/oElfQZSV9t,@PeoplesGarden @Pollinators,,https://twitter.com/USDA/status/715193311347081216,0.110641062,0.110037376,0.105706468,0.085728381,0.108970578,0.171710953,0.156455762,0.15074942,Off,http://www.pollinator.org/windowbox,http://www.pollinator.org/windowbox
1825,forestservice,,NA,117,4/26/2016,21,37,Help your neighborhood bee by planting for them. Celebrate NationalGardenMonth ? http://www.pollinator.org/windowbox pic.twitter.com/PATNbPbpDi,,#NationalGardenMonth,https://twitter.com/forestservice/status/724907180265201664,0.118661144,0.107912127,0.073385026,0.086628044,0.09194313,0.146748464,0.182244022,0.192478043,Off,http://www.pollinator.org/windowbox,http://www.pollinator.org/windowbox
1829,forestservice,,NA,116,4/25/2016,17,24,Plant a small garden or window box to help pollinators find food http://bit.ly/22PjMB4 pic.twitter.com/xp3f8fedEV NationalGardenMonth,,#NationalGardenMonth,https://twitter.com/forestservice/status/724617746957361152,0.119016909,0.121317086,0.101767947,0.102956393,0.116847209,0.124227595,0.171118983,0.142747879,Off,http://bit.ly/22PjMB4,http://www.pollinator.org/windowbox
1868,forestservice,,NA,96,4/5/2016,68,62,Plant a small garden or window box during NationalGardenMonth to help pollinators find food http://bit.ly/22PjMB4 pic.twitter.com/xp3f8fedEV,,#NationalGardenMonth,https://twitter.com/forestservice/status/717400312924004352,0.119016909,0.121317086,0.101767947,0.102956393,0.116847209,0.124227595,0.171118983,0.142747879,Off,http://bit.ly/22PjMB4,http://www.pollinator.org/windowbox
1870,forestservice,,NA,93,4/2/2016,57,58,Help your neighborhood bee by planting for them. Celebrate NationalGardenMonth ? http://www.pollinator.org/windowbox pic.twitter.com/PATNbPbpDi,,#NationalGardenMonth,https://twitter.com/forestservice/status/716269052424032256,0.118661144,0.107912127,0.073385026,0.086628044,0.09194313,0.146748464,0.182244022,0.192478043,Off,http://www.pollinator.org/windowbox,http://www.pollinator.org/windowbox
1875,forestservice,,NA,90,3/30/2016,46,40,April is NationalGardenMonth! Pollinators are struggling to find food. Help by planting http://www.pollinator.org/windowbox pic.twitter.com/K3nQQkTi3G,,#NationalGardenMonth,https://twitter.com/forestservice/status/715214805204922368,0.146820498,0.132837117,0.108088882,0.090507506,0.098121906,0.127848184,0.156118912,0.139656996,Off,http://www.pollinator.org/windowbox,http://www.pollinator.org/windowbox
2310,USFWS,,,173,6/21/2016,102,133,Enter zip code for your eco-regional planting guide: http://bit.ly/1JX4iiM PollinatorWeek pic.twitter.com/bqu7tg8LJk,,#PollinatorWeekpic,https://twitter.com/USFWS/status/745288601890656256,0.150911152,0.111215599,0.125303115,0.096321557,0.093572025,0.146420639,0.189899093,0.08635682,Off,http://bit.ly/1JX4iiM,http://www.pollinator.org/guides.htm
2311,USFWS,,,172,6/20/2016,113,148,Plenty of resources and ways to get involved for National Pollinatorweek! Just bee-cause! http://www.pollinator.org/pollinatorweek/ pic.twitter.com/2GDWfAa1Uw,,#Pollinatorweek,https://twitter.com/USFWS/status/744946153138061312,0.079972345,0.097807259,0.150372131,0.119195061,0.076010417,0.109398388,0.08616737,0.28107703,Off,http://www.pollinator.org/pollinatorweek/,http://www.pollinator.org/pollinatorweek/
2343,USFWS,,,146,5/25/2016,88,144,The State of North America's Birds 2016: http://bit.ly/1Wisnsb StateoftheBirds #BirdYear pic.twitter.com/E3BplSNM8K,,#StateoftheBirds #BirdYearpic,https://twitter.com/USFWS/status/735471708866551809,0.264076597,0.108881442,0.11145123,0.132270677,0.095843506,0.104232624,0.063440185,0.119803739,Off,http://bit.ly/1Wisnsb,http://www.stateofthebirds.org/2016/
2132,USFWS,,,334,11/29/2016,122,208,6 excuses to avoid yard work this fall: http://bit.ly/2gFwIVn pic.twitter.com/xg2RXMnbwu,,,https://twitter.com/USFWS/status/803634431877517312,0.149445158,0.122600352,0.116767474,0.096398846,0.127389561,0.105521437,0.115132617,0.166744556,Off,http://bit.ly/2gFwIVn,http://www.nwf.org/news-and-magazines/national-wildlife/gardening/archives/2015/leave-the-leaves.aspx
2325,USFWS,,,161,6/9/2016,88,140,We found Becky with the good hare. -> http://bit.ly/1Xc9cR3 pic.twitter.com/yRdMKfM5DK,,,https://twitter.com/USFWS/status/740918415322451968,0.07307569,0.218641678,0.042740026,0.068347495,0.156385287,0.183848479,0.178909337,0.078052007,Off,http://bit.ly/1Xc9cR3,http://www.nwf.org/Kids/Ranger-Rick/New-RR-Characters.aspx
2484,USFWS,,,85,3/25/2016,149,231,It's a great time to offer building materials to nesting birds! Tips: http://bit.ly/1AQe5j9 Photo: John Benson CC pic.twitter.com/3dYBbmeQ7S,,,https://twitter.com/USFWS/status/713347503610077184,0.123166756,0.132407316,0.102470735,0.116854121,0.13283785,0.126795807,0.133935938,0.131531478,Off,http://bit.ly/1AQe5j9,http://blog.nwf.org/2014/04/how-to-offer-bird-nesting-materials-in-your-garden/
2134,USFWS,,,333,11/28/2016,119,229,"We think of raccoons as washing"" their food. But research shows that they're actually sensing it: http://bit.ly/2gCpvFA pic.twitter.com/4KxEavSZvv""",,,https://twitter.com/USFWS/status/803294277438754817,0.119020751,0.194692192,0.09940342,0.101476982,0.082015725,0.107747562,0.196362862,0.099280506,Off,http://bit.ly/2gCpvFA,http://www.mnn.com/earth-matters/animals/blogs/why-raccoons-wash-their-food-before-eating
2198,USFWS,,,278,10/4/2016,45,61,"What does it mean when a species is listed as injurious"" under the Lacey Act?http://bit.ly/2dtG9Gl pic.twitter.com/ljFbfyap1Q""",,,https://twitter.com/USFWS/status/783306541537427457,0.093194997,0.121053549,0.121977875,0.146870108,0.126175949,0.111235404,0.151930127,0.127561991,Off,http://bit.ly/2dtG9Gl,http://www.mnn.com/earth-matters/animals/blogs/what-injurious-species
2524,USFWS,,,62,3/2/2016,51,66,11 nationally protected wetlands you should know about: http://bit.ly/1Sijb4r pic.twitter.com/zoFpbiqjhj,,,https://twitter.com/USFWS/status/705146972362182656,0.05819712,0.154173613,0.185596418,0.122174551,0.105024591,0.124492526,0.112473086,0.137868096,Off,http://bit.ly/1Sijb4r,http://www.mnn.com/earth-matters/wilderness-resources/blogs/11-wondrous-wetlands-national-park-system
2553,USFWS,,,53,2/22/2016,122,144,Whooo who was that? Listen to 8 owls you might hear at night: http://bit.ly/21l2eJ7 (Photo: Tom Koerner USFWS) pic.twitter.com/IlovZ32od0,,,https://twitter.com/USFWS/status/701794246525919232,0.090581968,0.141224502,0.102766431,0.132671501,0.119130436,0.139326198,0.170179651,0.104119312,Off,http://bit.ly/21l2eJ7,http://www.mnn.com/earth-matters/animals/blogs/owls-you-might-hear-night
2608,USFWS,,,28,1/28/2016,52,102,Small WildlifeRefuge in Central California is a birder's paradise: http://bit.ly/1PC8FFm pic.twitter.com/bPgRoz1sk5,,#WildlifeRefuge,https://twitter.com/USFWS/status/692754721640177664,0.142913414,0.111416126,0.086457601,0.098706544,0.094471827,0.120590657,0.177661885,0.167781947,Off,http://bit.ly/1PC8FFm,http://www.mnn.com/earth-matters/wilderness-resources/blogs/Merced-national-wildlife-refuge-one-californias-little-known-treasures
2559,USFWS,,,48,2/17/2016,64,94,Pacific treefrogs are calling! Listen to the advertisement call produced to attract ladies: http://www.californiaherps.com/sounds/p.regilla.mp3 … pic.twitter.com/WkRig1I1SC,,,https://twitter.com/USFWS/status/700043647149019136,0.110529132,0.149309274,0.100464165,0.155130737,0.119782873,0.128353435,0.136822598,0.099607785,Off,http://www.californiaherps.com/sounds/p.regilla.mp3,http://www.californiaherps.com/sounds/p.regilla.mp3
2047,USFWS,,,416,2/19/2017,154,269,The Great Backyard Bird Count runs from February 17-20. Have you been participating online? It's enlightening & fun! http://gbbc.birdcount.org pic.twitter.com/X2wTzgGmqW,,,https://twitter.com/USFWS/status/833364793151070208,0.172869625,0.121054343,0.078739322,0.093099064,0.146960052,0.117851966,0.175957603,0.093468026,Off,http://gbbc.birdcount.org,http://gbbc.birdcount.org
2568,USFWS,,,43,2/12/2016,117,130,The Great Backyard Bird Count has begun! Here's how to participate: http://gbbc.birdcount.org GBBC pic.twitter.com/qSenEiSMlt,,#GBBCpic,https://twitter.com/USFWS/status/698213351218806786,0.23222699,0.112521299,0.091581812,0.113428168,0.08082748,0.117405632,0.148775901,0.103232718,Off,http://gbbc.birdcount.org,http://gbbc.birdcount.org
31341,altusda,,,456,3/31/2017,61,107,Really interesting project out of Johns Hopkins for labeling and rating food producers ethical standards http://bit.ly/2naWVRl via @HubJHU,@HubJHU,,https://twitter.com/altusda/status/847834806331232257,0.105942154,0.161453904,0.097135559,0.136580562,0.103457046,0.146674434,0.151053088,0.097703254,Alt,http://bit.ly/2naWVRl,http://hub.jhu.edu/magazine/2017/spring/forefront-identifying-ethically-raised-food/
3891,altUSEPA,,,419,2/22/2017,312,332,Fracking pollution better managed with standardized reporting. Regulating locally makes work for firms + not helping https://www.researchgate.net/blog/post/study-of-fracking-in-four-states-uncovers-over-6600-spills …,,,https://twitter.com/altUSEPA/status/834274620823871489,0.163694298,0.080809772,0.098995272,0.132498232,0.090259253,0.159787691,0.17523902,0.098716462,Alt,https://www.researchgate.net/blog/post/study-of-fracking-in-four-states-uncovers-over-6600-spills,https://www.researchgate.net/blog/post/study-of-fracking-in-four-states-uncovers-over-6600-spills
2690,BadHombreNPS,sciencemagazine,,435,3/10/2017,664,1176,How about we cut @realDonaldTrump's vacation budget and stop paying for @FLOTUS to live in a golden tower- all at our expense? howboutdat https://twitter.com/sciencemagazine/status/840241342232043522 …,@realDonaldTrump @FLOTUS,#howboutdathttps,https://twitter.com/BadHombreNPS/status/840241968747819009,0.092106945,0.141041089,0.114109732,0.104705502,0.140824134,0.151972517,0.147374573,0.107865508,Alt,https://twitter.com/sciencemagazine/status/840241342232043522,https://twitter.com/sciencemagazine/status/840241342232043522
3020,altNOAA,,,403,2/6/2017,121,209,Advanced reading but here is a 2017 paper that confirms the 2015 paper republicans are attempting to discredit:http://advances.sciencemag.org/content/3/1/e1601207.full …,,,https://twitter.com/altNOAA/status/828783107000193024,0.129271773,0.100954914,0.112041336,0.117879987,0.089772227,0.27058297,0.099951869,0.079544925,Alt,http://advances.sciencemag.org/content/3/1/e1601207.full,http://advances.sciencemag.org/content/3/1/e1601207.full
3096,NotAltWorld,,,391,1/25/2017,4693,10305,"Scientific integrity is incredibly important & keeping integrity ensures decisions are made in the right way "" http://www.sciencemag.org/news/2017/01/trump-officials-suspend-plan-delete-epa-climate-web-page …"" ",,,https://twitter.com/NotAltWorld/status/824421254903984128,0.10858976,0.137618703,0.121321664,0.104467262,0.111542107,0.151446921,0.178853861,0.086159723,Alt,http://www.sciencemag.org/news/2017/01/trump-officials-suspend-plan-delete-epa-climate-web-page,http://www.sciencemag.org/news/2017/01/trump-officials-suspend-plan-delete-epa-climate-web-page
3190,altusda,BeccaMorn,USDA,426,3/1/2017,1,3,Original lawsuit (now dropped) was filed Feb 2016: http://www.sciencemag.org/news/2017/02/usda-scrubbing-animal-records-may-have-been-sparked-horse-lawsuit … . But both lawsuits are just flimsy excuses.,,,https://twitter.com/altusda/status/837098944027066373,0.095235474,0.125418763,0.134603337,0.171193895,0.132034687,0.087573924,0.096861023,0.157078898,Alt,http://www.sciencemag.org/news/2017/02/usda-scrubbing-animal-records-may-have-been-sparked-horse-lawsuit,http://www.sciencemag.org/news/2017/02/usda-scrubbing-animal-records-may-have-been-sparked-horse-lawsuit
3357,altusda,,,407,2/10/2017,75,108,Interesting report on nasty horse soring industry & I appreciate the correction at the bottom http://www.sciencemag.org/news/2017/02/usda-scrubbing-animal-records-may-have-been-sparked-horse-lawsuit … Will say more later,,,https://twitter.com/altusda/status/830117998648295424,0.106296097,0.134955424,0.1172134,0.122701972,0.123402677,0.105726858,0.146418051,0.143285521,Alt,http://www.sciencemag.org/news/2017/02/usda-scrubbing-animal-records-may-have-been-sparked-horse-lawsuit,http://www.sciencemag.org/news/2017/02/usda-scrubbing-animal-records-may-have-been-sparked-horse-lawsuit
3429,altusda,,,404,2/7/2017,101,203,Nice @meredithwadman story at @NewsfromScience diving into details of legal case against USDA info blackout: http://www.sciencemag.org/news/2017/02/humane-society-threatens-legal-action-against-usda-scrubbing-animal-inspection-records … resist,@meredithwadman @NewsfromScience,#resist,https://twitter.com/altusda/status/829004320171520000,0.120087347,0.143002755,0.127075483,0.102620157,0.14929768,0.123403119,0.108534471,0.125978987,Alt,http://www.sciencemag.org/news/2017/02/humane-society-threatens-legal-action-against-usda-scrubbing-animal-inspection-records,http://www.sciencemag.org/news/2017/02/updated-usda-responds-outcry-over-removal-animal-welfare-documents-lawsuit-threats
3478,altusda,MissDine,,401,2/4/2017,10,9,Science Magazine says the database was important for breaking stories & contained minimal personal info:http://www.sciencemag.org/news/2017/02/trump-administration-blacks-out-animal-welfare-information …,,,https://twitter.com/altusda/status/827903694968598528,0.147704409,0.126692614,0.114803885,0.134495414,0.109997648,0.120029553,0.131113518,0.115162958,Alt,http://www.sciencemag.org/news/2017/02/trump-administration-blacks-out-animal-welfare-information,http://www.sciencemag.org/news/2017/02/trump-administration-blacks-out-animal-welfare-information
3481,altusda,,,400,2/3/2017,1735,999,"This action benefits no one except facilities who have harmed animals and don’t want anyone to know.”"" http://www.sciencemag.org/news/2017/02/trump-administration-blacks-out-animal-welfare-information … resist"" ",,#resist,https://twitter.com/altusda/status/827682488466210818,0.06710059,0.212431317,0.092794734,0.130201268,0.122262012,0.11850201,0.169066048,0.087642019,Alt,http://www.sciencemag.org/news/2017/02/trump-administration-blacks-out-animal-welfare-information,http://www.sciencemag.org/news/2017/02/trump-administration-blacks-out-animal-welfare-information
3503,altusda,,,395,1/29/2017,304,626,Scientists to Trump: Torture doesn’t work http://www.sciencemag.org/news/2017/01/scientists-trump-torture-doesn-t-work … resist,,#resist,https://twitter.com/altusda/status/825732483836760068,0.078715515,0.135872507,0.140850407,0.11533389,0.136502417,0.118064815,0.14065306,0.134007389,Alt,http://www.sciencemag.org/news/2017/01/scientists-trump-torture-doesn-t-work,http://www.sciencemag.org/news/2017/01/scientists-trump-torture-doesn-t-work
3585,altUSEPA,,,450,3/25/2017,110,158,Lamar Smith (Science Committee chair): The scientific method … repeatedly ignored by … climate scientists. Angry?http://www.sciencemag.org/news/2017/03/lamar-smith-unbound-lays-out-political-strategy-climate-doubters-conference …,,,https://twitter.com/altUSEPA/status/845814331782549504,0.137768445,0.123655033,0.15544244,0.118958974,0.109634506,0.106176491,0.135026559,0.113337553,Alt,http://www.sciencemag.org/news/2017/03/lamar-smith-unbound-lays-out-political-strategy-climate-doubters-conference,http://www.sciencemag.org/news/2017/03/lamar-smith-unbound-lays-out-political-strategy-climate-doubters-conference
3824,altUSEPA,,,431,3/6/2017,162,702,Evolutionary biologist Michael Eisen (UC Berkeley) announces run for US Senate. CA seat now held by D. Feinstein.http://www.sciencemag.org/news/2017/01/qa-michael-eisen-wants-be-first-evolutionary-biologist-us-senate …,,,https://twitter.com/altUSEPA/status/838695594877079552,0.081845765,0.179120253,0.102933619,0.133141033,0.139476896,0.112942087,0.138252393,0.112287954,Alt,http://www.sciencemag.org/news/2017/01/qa-michael-eisen-wants-be-first-evolutionary-biologist-us-senate,http://www.sciencemag.org/news/2017/01/qa-michael-eisen-wants-be-first-evolutionary-biologist-us-senate
4101,altUSEPA,,,392,1/26/2017,906,1483,The EPA's climate change web page shall remain in place for now. At least until it can go away more quietly. http://www.sciencemag.org/news/2017/01/trump-officials-suspend-plan-delete-epa-climate-web-page …,,,https://twitter.com/altUSEPA/status/824519948424749057,0.123882954,0.119987878,0.099626236,0.123690829,0.135384494,0.128083189,0.156065653,0.113278768,Alt,http://www.sciencemag.org/news/2017/01/trump-officials-suspend-plan-delete-epa-climate-web-page,http://www.sciencemag.org/news/2017/01/trump-officials-suspend-plan-delete-epa-climate-web-page
4179,AltForestServ,,,392,1/26/2017,1554,2431,You must pressure the administration to reverse course!http://www.sciencemag.org/news/2017/01/trump-officials-suspend-plan-delete-epa-climate-web-page …,,,https://twitter.com/AltForestServ/status/824637918400507904,0.103054941,0.128579238,0.129491052,0.17918198,0.105991598,0.133352226,0.134118652,0.086230313,Alt,http://www.sciencemag.org/news/2017/01/trump-officials-suspend-plan-delete-epa-climate-web-page,http://www.sciencemag.org/news/2017/01/trump-officials-suspend-plan-delete-epa-climate-web-page
